,image_id,Image_label,Image_path,Duplicate_image,Duplicate_path,Similarity_score
0,0,ben_afflek,./dataset/train/ben_afflek/train_ben_afflek (1).jpg,ben_afflek,./dataset/train/ben_afflek/train_ben_afflek (2).jpg,0.6903687715530396
1,1,ben_afflek,./dataset/train/ben_afflek/train_ben_afflek (10).jpg,ben_afflek,./dataset/train/ben_afflek/train_ben_afflek (2).jpg,0.6860201358795166
2,1,ben_afflek,./dataset/train/ben_afflek/train_ben_afflek (10).jpg,ben_afflek,./dataset/train/ben_afflek/train_ben_afflek (6).jpg,0.7381190061569214
3,1,ben_afflek,./dataset/train/ben_afflek/train_ben_afflek (10).jpg,ben_afflek,./dataset/train/ben_afflek/train_ben_afflek (9).jpg,0.6846612691879272
4,2,ben_afflek,./dataset/train/ben_afflek/train_ben_afflek (11).jpg,ben_afflek,./dataset/train/ben_afflek/train_ben_afflek (12).jpg,0.7997008562088013
5,2,ben_afflek,./dataset/train/ben_afflek/train_ben_afflek (11).jpg,ben_afflek,./dataset/train/ben_afflek/train_ben_afflek (13).jpg,0.6874425411224365
6,2,ben_afflek,./dataset/train/ben_afflek/train_ben_afflek (11).jpg,ben_afflek,./dataset/train/ben_afflek/train_ben_afflek (2).jpg,0.6867305040359497
7,2,ben_afflek,./dataset/train/ben_afflek/train_ben_afflek (11).jpg,ben_afflek,./dataset/train/ben_afflek/train_ben_afflek (8).jpg,0.6903632879257202
8,3,ben_afflek,./dataset/train/ben_afflek/train_ben_afflek (12).jpg,ben_afflek,./dataset/train/ben_afflek/train_ben_afflek (4).jpg,0.6548433303833008
9,3,ben_afflek,./dataset/train/ben_afflek/train_ben_afflek (12).jpg,ben_afflek,./dataset/train/ben_afflek/train_ben_afflek (6).jpg,0.7280835509300232
10,4,ben_afflek,./dataset/train/ben_afflek/train_ben_afflek (13).jpg,ben_afflek,./dataset/train/ben_afflek/train_ben_afflek (2).jpg,0.6671079397201538
11,4,ben_afflek,./dataset/train/ben_afflek/train_ben_afflek (13).jpg,ben_afflek,./dataset/train/ben_afflek/train_ben_afflek (7).jpg,0.6833727359771729
12,5,ben_afflek,./dataset/train/ben_afflek/train_ben_afflek (14).jpg,ben_afflek,./dataset/train/ben_afflek/train_ben_afflek (2).jpg,0.7116861343383789
13,5,ben_afflek,./dataset/train/ben_afflek/train_ben_afflek (14).jpg,ben_afflek,./dataset/train/ben_afflek/train_ben_afflek (8).jpg,0.7901358604431152
14,6,ben_afflek,./dataset/train/ben_afflek/train_ben_afflek (2).jpg,ben_afflek,./dataset/train/ben_afflek/train_ben_afflek (6).jpg,0.6690329909324646
15,6,ben_afflek,./dataset/train/ben_afflek/train_ben_afflek (2).jpg,ben_afflek,./dataset/train/ben_afflek/train_ben_afflek (7).jpg,0.7301990985870361
16,6,ben_afflek,./dataset/train/ben_afflek/train_ben_afflek (2).jpg,ben_afflek,./dataset/train/ben_afflek/train_ben_afflek (8).jpg,0.6921319961547852
17,6,ben_afflek,./dataset/train/ben_afflek/train_ben_afflek (2).jpg,ben_afflek,./dataset/train/ben_afflek/train_ben_afflek (9).jpg,0.703713595867157
18,8,ben_afflek,./dataset/train/ben_afflek/train_ben_afflek (4).jpg,ben_afflek,./dataset/train/ben_afflek/train_ben_afflek (6).jpg,0.6690955758094788
19,8,ben_afflek,./dataset/train/ben_afflek/train_ben_afflek (4).jpg,ben_afflek,./dataset/train/ben_afflek/train_ben_afflek (7).jpg,0.7015495300292969
20,9,ben_afflek,./dataset/train/ben_afflek/train_ben_afflek (5).jpg,ben_afflek,./dataset/train/ben_afflek/train_ben_afflek (7).jpg,0.746126115322113
21,10,ben_afflek,./dataset/train/ben_afflek/train_ben_afflek (6).jpg,ben_afflek,./dataset/train/ben_afflek/train_ben_afflek (8).jpg,0.6908419132232666
22,10,ben_afflek,./dataset/train/ben_afflek/train_ben_afflek (6).jpg,ben_afflek,./dataset/train/ben_afflek/train_ben_afflek (9).jpg,0.7376879453659058
23,11,ben_afflek,./dataset/train/ben_afflek/train_ben_afflek (7).jpg,ben_afflek,./dataset/train/ben_afflek/train_ben_afflek (8).jpg,0.6805106401443481
24,12,ben_afflek,./dataset/train/ben_afflek/train_ben_afflek (8).jpg,ben_afflek,./dataset/train/ben_afflek/train_ben_afflek (9).jpg,0.712087869644165
25,16,elton_john,./dataset/train/elton_john/train_elton_john (11).jpg,elton_john,./dataset/train/elton_john/train_elton_john (13).jpg,0.663874626159668
26,16,elton_john,./dataset/train/elton_john/train_elton_john (11).jpg,elton_john,./dataset/train/elton_john/train_elton_john (15).jpg,0.766021728515625
27,16,elton_john,./dataset/train/elton_john/train_elton_john (11).jpg,elton_john,./dataset/train/elton_john/train_elton_john (7).jpg,0.679651141166687
28,17,elton_john,./dataset/train/elton_john/train_elton_john (12).jpg,elton_john,./dataset/train/elton_john/train_elton_john (16).jpg,0.7160875201225281
29,17,elton_john,./dataset/train/elton_john/train_elton_john (12).jpg,elton_john,./dataset/train/elton_john/train_elton_john (3).jpg,0.6737173795700073
30,18,elton_john,./dataset/train/elton_john/train_elton_john (13).jpg,elton_john,./dataset/train/elton_john/train_elton_john (5).jpg,0.6607836484909058
31,18,elton_john,./dataset/train/elton_john/train_elton_john (13).jpg,elton_john,./dataset/train/elton_john/train_elton_john (7).jpg,0.6797698736190796
32,19,elton_john,./dataset/train/elton_john/train_elton_john (14).jpg,elton_john,./dataset/train/elton_john/train_elton_john (15).jpg,0.7025114297866821
33,19,elton_john,./dataset/train/elton_john/train_elton_john (14).jpg,elton_john,./dataset/train/elton_john/train_elton_john (2).jpg,0.7453234791755676
34,19,elton_john,./dataset/train/elton_john/train_elton_john (14).jpg,elton_john,./dataset/train/elton_john/train_elton_john (3).jpg,0.773984432220459
35,19,elton_john,./dataset/train/elton_john/train_elton_john (14).jpg,elton_john,./dataset/train/elton_john/train_elton_john (7).jpg,0.7508096694946289
36,20,elton_john,./dataset/train/elton_john/train_elton_john (15).jpg,elton_john,./dataset/train/elton_john/train_elton_john (2).jpg,0.7094591856002808
37,20,elton_john,./dataset/train/elton_john/train_elton_john (15).jpg,elton_john,./dataset/train/elton_john/train_elton_john (7).jpg,0.6634044647216797
38,21,elton_john,./dataset/train/elton_john/train_elton_john (16).jpg,elton_john,./dataset/train/elton_john/train_elton_john (3).jpg,0.6615006923675537
39,22,elton_john,./dataset/train/elton_john/train_elton_john (2).jpg,elton_john,./dataset/train/elton_john/train_elton_john (3).jpg,0.7714951038360596
40,22,elton_john,./dataset/train/elton_john/train_elton_john (2).jpg,elton_john,./dataset/train/elton_john/train_elton_john (5).jpg,0.7897637486457825
41,22,elton_john,./dataset/train/elton_john/train_elton_john (2).jpg,elton_john,./dataset/train/elton_john/train_elton_john (7).jpg,0.750322163105011
42,23,elton_john,./dataset/train/elton_john/train_elton_john (3).jpg,elton_john,./dataset/train/elton_john/train_elton_john (5).jpg,0.736347496509552
43,23,elton_john,./dataset/train/elton_john/train_elton_john (3).jpg,elton_john,./dataset/train/elton_john/train_elton_john (7).jpg,0.7616138458251953
44,24,elton_john,./dataset/train/elton_john/train_elton_john (4).jpg,elton_john,./dataset/train/elton_john/train_elton_john (8).jpg,0.6896289587020874
45,25,elton_john,./dataset/train/elton_john/train_elton_john (5).jpg,elton_john,./dataset/train/elton_john/train_elton_john (7).jpg,0.8620892763137817
46,30,jerry_seinfeld,./dataset/train/jerry_seinfeld/train_jerry_seinfeld (1).jpg,jerry_seinfeld,./dataset/train/jerry_seinfeld/train_jerry_seinfeld (10).jpg,0.8504762053489685
47,30,jerry_seinfeld,./dataset/train/jerry_seinfeld/train_jerry_seinfeld (1).jpg,jerry_seinfeld,./dataset/train/jerry_seinfeld/train_jerry_seinfeld (11).jpg,0.7923774123191833
48,30,jerry_seinfeld,./dataset/train/jerry_seinfeld/train_jerry_seinfeld (1).jpg,jerry_seinfeld,./dataset/train/jerry_seinfeld/train_jerry_seinfeld (12).jpg,0.6969250440597534
49,30,jerry_seinfeld,./dataset/train/jerry_seinfeld/train_jerry_seinfeld (1).jpg,jerry_seinfeld,./dataset/train/jerry_seinfeld/train_jerry_seinfeld (13).jpg,0.8434650301933289
50,30,jerry_seinfeld,./dataset/train/jerry_seinfeld/train_jerry_seinfeld (1).jpg,jerry_seinfeld,./dataset/train/jerry_seinfeld/train_jerry_seinfeld (14).jpg,0.7575384378433228
51,30,jerry_seinfeld,./dataset/train/jerry_seinfeld/train_jerry_seinfeld (1).jpg,jerry_seinfeld,./dataset/train/jerry_seinfeld/train_jerry_seinfeld (15).jpg,0.8997495174407959
52,30,jerry_seinfeld,./dataset/train/jerry_seinfeld/train_jerry_seinfeld (1).jpg,jerry_seinfeld,./dataset/train/jerry_seinfeld/train_jerry_seinfeld (17).jpg,0.8041055202484131
53,30,jerry_seinfeld,./dataset/train/jerry_seinfeld/train_jerry_seinfeld (1).jpg,jerry_seinfeld,./dataset/train/jerry_seinfeld/train_jerry_seinfeld (18).jpg,0.7347550392150879
54,30,jerry_seinfeld,./dataset/train/jerry_seinfeld/train_jerry_seinfeld (1).jpg,jerry_seinfeld,./dataset/train/jerry_seinfeld/train_jerry_seinfeld (19).jpg,0.7429122924804688
55,30,jerry_seinfeld,./dataset/train/jerry_seinfeld/train_jerry_seinfeld (1).jpg,jerry_seinfeld,./dataset/train/jerry_seinfeld/train_jerry_seinfeld (2).jpg,0.8266838788986206
56,30,jerry_seinfeld,./dataset/train/jerry_seinfeld/train_jerry_seinfeld (1).jpg,jerry_seinfeld,./dataset/train/jerry_seinfeld/train_jerry_seinfeld (21).jpg,0.8446279168128967
57,30,jerry_seinfeld,./dataset/train/jerry_seinfeld/train_jerry_seinfeld (1).jpg,jerry_seinfeld,./dataset/train/jerry_seinfeld/train_jerry_seinfeld (3).jpg,0.8894892334938049
58,30,jerry_seinfeld,./dataset/train/jerry_seinfeld/train_jerry_seinfeld (1).jpg,jerry_seinfeld,./dataset/train/jerry_seinfeld/train_jerry_seinfeld (4).jpg,0.8147708177566528
59,30,jerry_seinfeld,./dataset/train/jerry_seinfeld/train_jerry_seinfeld (1).jpg,jerry_seinfeld,./dataset/train/jerry_seinfeld/train_jerry_seinfeld (5).jpg,0.8094557523727417
60,30,jerry_seinfeld,./dataset/train/jerry_seinfeld/train_jerry_seinfeld (1).jpg,jerry_seinfeld,./dataset/train/jerry_seinfeld/train_jerry_seinfeld (6).jpg,0.8010121583938599
61,30,jerry_seinfeld,./dataset/train/jerry_seinfeld/train_jerry_seinfeld (1).jpg,jerry_seinfeld,./dataset/train/jerry_seinfeld/train_jerry_seinfeld (7).jpg,0.858156681060791
62,30,jerry_seinfeld,./dataset/train/jerry_seinfeld/train_jerry_seinfeld (1).jpg,jerry_seinfeld,./dataset/train/jerry_seinfeld/train_jerry_seinfeld (8).jpg,0.8228271007537842
63,30,jerry_seinfeld,./dataset/train/jerry_seinfeld/train_jerry_seinfeld (1).jpg,jerry_seinfeld,./dataset/train/jerry_seinfeld/train_jerry_seinfeld (9).jpg,0.7868008017539978
64,31,jerry_seinfeld,./dataset/train/jerry_seinfeld/train_jerry_seinfeld (10).jpg,jerry_seinfeld,./dataset/train/jerry_seinfeld/train_jerry_seinfeld (11).jpg,0.6892467737197876
65,31,jerry_seinfeld,./dataset/train/jerry_seinfeld/train_jerry_seinfeld (10).jpg,jerry_seinfeld,./dataset/train/jerry_seinfeld/train_jerry_seinfeld (13).jpg,0.9524192810058594
66,31,jerry_seinfeld,./dataset/train/jerry_seinfeld/train_jerry_seinfeld (10).jpg,jerry_seinfeld,./dataset/train/jerry_seinfeld/train_jerry_seinfeld (15).jpg,0.8089860677719116
67,31,jerry_seinfeld,./dataset/train/jerry_seinfeld/train_jerry_seinfeld (10).jpg,jerry_seinfeld,./dataset/train/jerry_seinfeld/train_jerry_seinfeld (17).jpg,0.6983926296234131
68,31,jerry_seinfeld,./dataset/train/jerry_seinfeld/train_jerry_seinfeld (10).jpg,jerry_seinfeld,./dataset/train/jerry_seinfeld/train_jerry_seinfeld (2).jpg,0.7331013679504395
69,31,jerry_seinfeld,./dataset/train/jerry_seinfeld/train_jerry_seinfeld (10).jpg,jerry_seinfeld,./dataset/train/jerry_seinfeld/train_jerry_seinfeld (21).jpg,0.8026084899902344
70,31,jerry_seinfeld,./dataset/train/jerry_seinfeld/train_jerry_seinfeld (10).jpg,jerry_seinfeld,./dataset/train/jerry_seinfeld/train_jerry_seinfeld (3).jpg,0.8136346340179443
71,31,jerry_seinfeld,./dataset/train/jerry_seinfeld/train_jerry_seinfeld (10).jpg,jerry_seinfeld,./dataset/train/jerry_seinfeld/train_jerry_seinfeld (4).jpg,0.6884178519248962
72,31,jerry_seinfeld,./dataset/train/jerry_seinfeld/train_jerry_seinfeld (10).jpg,jerry_seinfeld,./dataset/train/jerry_seinfeld/train_jerry_seinfeld (5).jpg,0.7767677307128906
73,31,jerry_seinfeld,./dataset/train/jerry_seinfeld/train_jerry_seinfeld (10).jpg,jerry_seinfeld,./dataset/train/jerry_seinfeld/train_jerry_seinfeld (6).jpg,0.6591798067092896
74,31,jerry_seinfeld,./dataset/train/jerry_seinfeld/train_jerry_seinfeld (10).jpg,jerry_seinfeld,./dataset/train/jerry_seinfeld/train_jerry_seinfeld (7).jpg,0.8032630681991577
75,31,jerry_seinfeld,./dataset/train/jerry_seinfeld/train_jerry_seinfeld (10).jpg,jerry_seinfeld,./dataset/train/jerry_seinfeld/train_jerry_seinfeld (8).jpg,0.7586514949798584
76,32,jerry_seinfeld,./dataset/train/jerry_seinfeld/train_jerry_seinfeld (11).jpg,jerry_seinfeld,./dataset/train/jerry_seinfeld/train_jerry_seinfeld (12).jpg,0.8230615854263306
77,32,jerry_seinfeld,./dataset/train/jerry_seinfeld/train_jerry_seinfeld (11).jpg,jerry_seinfeld,./dataset/train/jerry_seinfeld/train_jerry_seinfeld (13).jpg,0.6839789152145386
78,32,jerry_seinfeld,./dataset/train/jerry_seinfeld/train_jerry_seinfeld (11).jpg,jerry_seinfeld,./dataset/train/jerry_seinfeld/train_jerry_seinfeld (14).jpg,0.7807815074920654
79,32,jerry_seinfeld,./dataset/train/jerry_seinfeld/train_jerry_seinfeld (11).jpg,jerry_seinfeld,./dataset/train/jerry_seinfeld/train_jerry_seinfeld (15).jpg,0.7458063364028931
80,32,jerry_seinfeld,./dataset/train/jerry_seinfeld/train_jerry_seinfeld (11).jpg,jerry_seinfeld,./dataset/train/jerry_seinfeld/train_jerry_seinfeld (18).jpg,0.7079319953918457
81,32,jerry_seinfeld,./dataset/train/jerry_seinfeld/train_jerry_seinfeld (11).jpg,jerry_seinfeld,./dataset/train/jerry_seinfeld/train_jerry_seinfeld (19).jpg,0.7039591073989868
82,32,jerry_seinfeld,./dataset/train/jerry_seinfeld/train_jerry_seinfeld (11).jpg,jerry_seinfeld,./dataset/train/jerry_seinfeld/train_jerry_seinfeld (20).jpg,0.7051969766616821
83,32,jerry_seinfeld,./dataset/train/jerry_seinfeld/train_jerry_seinfeld (11).jpg,jerry_seinfeld,./dataset/train/jerry_seinfeld/train_jerry_seinfeld (3).jpg,0.7828404903411865
84,32,jerry_seinfeld,./dataset/train/jerry_seinfeld/train_jerry_seinfeld (11).jpg,jerry_seinfeld,./dataset/train/jerry_seinfeld/train_jerry_seinfeld (4).jpg,0.7345874309539795
85,32,jerry_seinfeld,./dataset/train/jerry_seinfeld/train_jerry_seinfeld (11).jpg,jerry_seinfeld,./dataset/train/jerry_seinfeld/train_jerry_seinfeld (5).jpg,0.7415969371795654
86,32,jerry_seinfeld,./dataset/train/jerry_seinfeld/train_jerry_seinfeld (11).jpg,jerry_seinfeld,./dataset/train/jerry_seinfeld/train_jerry_seinfeld (6).jpg,0.8474893569946289
87,32,jerry_seinfeld,./dataset/train/jerry_seinfeld/train_jerry_seinfeld (11).jpg,jerry_seinfeld,./dataset/train/jerry_seinfeld/train_jerry_seinfeld (7).jpg,0.7985670566558838
88,32,jerry_seinfeld,./dataset/train/jerry_seinfeld/train_jerry_seinfeld (11).jpg,jerry_seinfeld,./dataset/train/jerry_seinfeld/train_jerry_seinfeld (8).jpg,0.7426510453224182
89,32,jerry_seinfeld,./dataset/train/jerry_seinfeld/train_jerry_seinfeld (11).jpg,jerry_seinfeld,./dataset/train/jerry_seinfeld/train_jerry_seinfeld (9).jpg,0.9540054202079773
90,33,jerry_seinfeld,./dataset/train/jerry_seinfeld/train_jerry_seinfeld (12).jpg,jerry_seinfeld,./dataset/train/jerry_seinfeld/train_jerry_seinfeld (14).jpg,0.8211649656295776
91,33,jerry_seinfeld,./dataset/train/jerry_seinfeld/train_jerry_seinfeld (12).jpg,jerry_seinfeld,./dataset/train/jerry_seinfeld/train_jerry_seinfeld (15).jpg,0.7208380103111267
92,33,jerry_seinfeld,./dataset/train/jerry_seinfeld/train_jerry_seinfeld (12).jpg,jerry_seinfeld,./dataset/train/jerry_seinfeld/train_jerry_seinfeld (16).jpg,0.7172389626502991
93,33,jerry_seinfeld,./dataset/train/jerry_seinfeld/train_jerry_seinfeld (12).jpg,jerry_seinfeld,./dataset/train/jerry_seinfeld/train_jerry_seinfeld (18).jpg,0.6803579330444336
94,33,jerry_seinfeld,./dataset/train/jerry_seinfeld/train_jerry_seinfeld (12).jpg,jerry_seinfeld,./dataset/train/jerry_seinfeld/train_jerry_seinfeld (19).jpg,0.7056924104690552
95,33,jerry_seinfeld,./dataset/train/jerry_seinfeld/train_jerry_seinfeld (12).jpg,jerry_seinfeld,./dataset/train/jerry_seinfeld/train_jerry_seinfeld (20).jpg,0.7436161637306213
96,33,jerry_seinfeld,./dataset/train/jerry_seinfeld/train_jerry_seinfeld (12).jpg,jerry_seinfeld,./dataset/train/jerry_seinfeld/train_jerry_seinfeld (3).jpg,0.7157456874847412
97,33,jerry_seinfeld,./dataset/train/jerry_seinfeld/train_jerry_seinfeld (12).jpg,jerry_seinfeld,./dataset/train/jerry_seinfeld/train_jerry_seinfeld (4).jpg,0.7431240081787109
98,33,jerry_seinfeld,./dataset/train/jerry_seinfeld/train_jerry_seinfeld (12).jpg,jerry_seinfeld,./dataset/train/jerry_seinfeld/train_jerry_seinfeld (5).jpg,0.6997253894805908
99,33,jerry_seinfeld,./dataset/train/jerry_seinfeld/train_jerry_seinfeld (12).jpg,jerry_seinfeld,./dataset/train/jerry_seinfeld/train_jerry_seinfeld (6).jpg,0.7902776598930359
100,33,jerry_seinfeld,./dataset/train/jerry_seinfeld/train_jerry_seinfeld (12).jpg,jerry_seinfeld,./dataset/train/jerry_seinfeld/train_jerry_seinfeld (7).jpg,0.6979678869247437
101,33,jerry_seinfeld,./dataset/train/jerry_seinfeld/train_jerry_seinfeld (12).jpg,jerry_seinfeld,./dataset/train/jerry_seinfeld/train_jerry_seinfeld (8).jpg,0.7098778486251831
102,33,jerry_seinfeld,./dataset/train/jerry_seinfeld/train_jerry_seinfeld (12).jpg,jerry_seinfeld,./dataset/train/jerry_seinfeld/train_jerry_seinfeld (9).jpg,0.8100655674934387
103,34,jerry_seinfeld,./dataset/train/jerry_seinfeld/train_jerry_seinfeld (13).jpg,jerry_seinfeld,./dataset/train/jerry_seinfeld/train_jerry_seinfeld (15).jpg,0.8031277656555176
104,34,jerry_seinfeld,./dataset/train/jerry_seinfeld/train_jerry_seinfeld (13).jpg,jerry_seinfeld,./dataset/train/jerry_seinfeld/train_jerry_seinfeld (17).jpg,0.747768759727478
105,34,jerry_seinfeld,./dataset/train/jerry_seinfeld/train_jerry_seinfeld (13).jpg,jerry_seinfeld,./dataset/train/jerry_seinfeld/train_jerry_seinfeld (2).jpg,0.7403170466423035
106,34,jerry_seinfeld,./dataset/train/jerry_seinfeld/train_jerry_seinfeld (13).jpg,jerry_seinfeld,./dataset/train/jerry_seinfeld/train_jerry_seinfeld (21).jpg,0.7970027923583984
107,34,jerry_seinfeld,./dataset/train/jerry_seinfeld/train_jerry_seinfeld (13).jpg,jerry_seinfeld,./dataset/train/jerry_seinfeld/train_jerry_seinfeld (3).jpg,0.8025113344192505
108,34,jerry_seinfeld,./dataset/train/jerry_seinfeld/train_jerry_seinfeld (13).jpg,jerry_seinfeld,./dataset/train/jerry_seinfeld/train_jerry_seinfeld (4).jpg,0.746326208114624
109,34,jerry_seinfeld,./dataset/train/jerry_seinfeld/train_jerry_seinfeld (13).jpg,jerry_seinfeld,./dataset/train/jerry_seinfeld/train_jerry_seinfeld (5).jpg,0.7724647521972656
110,34,jerry_seinfeld,./dataset/train/jerry_seinfeld/train_jerry_seinfeld (13).jpg,jerry_seinfeld,./dataset/train/jerry_seinfeld/train_jerry_seinfeld (6).jpg,0.7184094190597534
111,34,jerry_seinfeld,./dataset/train/jerry_seinfeld/train_jerry_seinfeld (13).jpg,jerry_seinfeld,./dataset/train/jerry_seinfeld/train_jerry_seinfeld (7).jpg,0.8152548670768738
112,34,jerry_seinfeld,./dataset/train/jerry_seinfeld/train_jerry_seinfeld (13).jpg,jerry_seinfeld,./dataset/train/jerry_seinfeld/train_jerry_seinfeld (8).jpg,0.78359055519104
113,35,jerry_seinfeld,./dataset/train/jerry_seinfeld/train_jerry_seinfeld (14).jpg,jerry_seinfeld,./dataset/train/jerry_seinfeld/train_jerry_seinfeld (15).jpg,0.734832763671875
114,35,jerry_seinfeld,./dataset/train/jerry_seinfeld/train_jerry_seinfeld (14).jpg,jerry_seinfeld,./dataset/train/jerry_seinfeld/train_jerry_seinfeld (16).jpg,0.7389718890190125
115,35,jerry_seinfeld,./dataset/train/jerry_seinfeld/train_jerry_seinfeld (14).jpg,jerry_seinfeld,./dataset/train/jerry_seinfeld/train_jerry_seinfeld (18).jpg,0.708609938621521
116,35,jerry_seinfeld,./dataset/train/jerry_seinfeld/train_jerry_seinfeld (14).jpg,jerry_seinfeld,./dataset/train/jerry_seinfeld/train_jerry_seinfeld (19).jpg,0.7325257062911987
117,35,jerry_seinfeld,./dataset/train/jerry_seinfeld/train_jerry_seinfeld (14).jpg,jerry_seinfeld,./dataset/train/jerry_seinfeld/train_jerry_seinfeld (20).jpg,0.7227635979652405
118,35,jerry_seinfeld,./dataset/train/jerry_seinfeld/train_jerry_seinfeld (14).jpg,jerry_seinfeld,./dataset/train/jerry_seinfeld/train_jerry_seinfeld (21).jpg,0.657755970954895
119,35,jerry_seinfeld,./dataset/train/jerry_seinfeld/train_jerry_seinfeld (14).jpg,jerry_seinfeld,./dataset/train/jerry_seinfeld/train_jerry_seinfeld (3).jpg,0.7153818607330322
120,35,jerry_seinfeld,./dataset/train/jerry_seinfeld/train_jerry_seinfeld (14).jpg,jerry_seinfeld,./dataset/train/jerry_seinfeld/train_jerry_seinfeld (4).jpg,0.673714280128479
121,35,jerry_seinfeld,./dataset/train/jerry_seinfeld/train_jerry_seinfeld (14).jpg,jerry_seinfeld,./dataset/train/jerry_seinfeld/train_jerry_seinfeld (5).jpg,0.689359188079834
122,35,jerry_seinfeld,./dataset/train/jerry_seinfeld/train_jerry_seinfeld (14).jpg,jerry_seinfeld,./dataset/train/jerry_seinfeld/train_jerry_seinfeld (6).jpg,0.8154686689376831
123,35,jerry_seinfeld,./dataset/train/jerry_seinfeld/train_jerry_seinfeld (14).jpg,jerry_seinfeld,./dataset/train/jerry_seinfeld/train_jerry_seinfeld (7).jpg,0.6539408564567566
124,35,jerry_seinfeld,./dataset/train/jerry_seinfeld/train_jerry_seinfeld (14).jpg,jerry_seinfeld,./dataset/train/jerry_seinfeld/train_jerry_seinfeld (8).jpg,0.6974416971206665
125,35,jerry_seinfeld,./dataset/train/jerry_seinfeld/train_jerry_seinfeld (14).jpg,jerry_seinfeld,./dataset/train/jerry_seinfeld/train_jerry_seinfeld (9).jpg,0.7821112871170044
126,36,jerry_seinfeld,./dataset/train/jerry_seinfeld/train_jerry_seinfeld (15).jpg,jerry_seinfeld,./dataset/train/jerry_seinfeld/train_jerry_seinfeld (17).jpg,0.7436059713363647
127,36,jerry_seinfeld,./dataset/train/jerry_seinfeld/train_jerry_seinfeld (15).jpg,jerry_seinfeld,./dataset/train/jerry_seinfeld/train_jerry_seinfeld (18).jpg,0.7417672872543335
128,36,jerry_seinfeld,./dataset/train/jerry_seinfeld/train_jerry_seinfeld (15).jpg,jerry_seinfeld,./dataset/train/jerry_seinfeld/train_jerry_seinfeld (19).jpg,0.7215341925621033
129,36,jerry_seinfeld,./dataset/train/jerry_seinfeld/train_jerry_seinfeld (15).jpg,jerry_seinfeld,./dataset/train/jerry_seinfeld/train_jerry_seinfeld (2).jpg,0.7206528186798096
130,36,jerry_seinfeld,./dataset/train/jerry_seinfeld/train_jerry_seinfeld (15).jpg,jerry_seinfeld,./dataset/train/jerry_seinfeld/train_jerry_seinfeld (21).jpg,0.8262507319450378
131,36,jerry_seinfeld,./dataset/train/jerry_seinfeld/train_jerry_seinfeld (15).jpg,jerry_seinfeld,./dataset/train/jerry_seinfeld/train_jerry_seinfeld (3).jpg,0.8740010857582092
132,36,jerry_seinfeld,./dataset/train/jerry_seinfeld/train_jerry_seinfeld (15).jpg,jerry_seinfeld,./dataset/train/jerry_seinfeld/train_jerry_seinfeld (4).jpg,0.735283613204956
133,36,jerry_seinfeld,./dataset/train/jerry_seinfeld/train_jerry_seinfeld (15).jpg,jerry_seinfeld,./dataset/train/jerry_seinfeld/train_jerry_seinfeld (5).jpg,0.7889268398284912
134,36,jerry_seinfeld,./dataset/train/jerry_seinfeld/train_jerry_seinfeld (15).jpg,jerry_seinfeld,./dataset/train/jerry_seinfeld/train_jerry_seinfeld (6).jpg,0.7676093578338623
135,36,jerry_seinfeld,./dataset/train/jerry_seinfeld/train_jerry_seinfeld (15).jpg,jerry_seinfeld,./dataset/train/jerry_seinfeld/train_jerry_seinfeld (7).jpg,0.8407310247421265
136,36,jerry_seinfeld,./dataset/train/jerry_seinfeld/train_jerry_seinfeld (15).jpg,jerry_seinfeld,./dataset/train/jerry_seinfeld/train_jerry_seinfeld (8).jpg,0.8237395286560059
137,36,jerry_seinfeld,./dataset/train/jerry_seinfeld/train_jerry_seinfeld (15).jpg,jerry_seinfeld,./dataset/train/jerry_seinfeld/train_jerry_seinfeld (9).jpg,0.686742901802063
138,37,jerry_seinfeld,./dataset/train/jerry_seinfeld/train_jerry_seinfeld (16).jpg,jerry_seinfeld,./dataset/train/jerry_seinfeld/train_jerry_seinfeld (17).jpg,0.6507161855697632
139,37,jerry_seinfeld,./dataset/train/jerry_seinfeld/train_jerry_seinfeld (16).jpg,jerry_seinfeld,./dataset/train/jerry_seinfeld/train_jerry_seinfeld (19).jpg,0.6739223003387451
140,37,jerry_seinfeld,./dataset/train/jerry_seinfeld/train_jerry_seinfeld (16).jpg,jerry_seinfeld,./dataset/train/jerry_seinfeld/train_jerry_seinfeld (4).jpg,0.6749804019927979
141,37,jerry_seinfeld,./dataset/train/jerry_seinfeld/train_jerry_seinfeld (16).jpg,jerry_seinfeld,./dataset/train/jerry_seinfeld/train_jerry_seinfeld (6).jpg,0.7393012046813965
142,38,jerry_seinfeld,./dataset/train/jerry_seinfeld/train_jerry_seinfeld (17).jpg,jerry_seinfeld,./dataset/train/jerry_seinfeld/train_jerry_seinfeld (18).jpg,0.6606037616729736
143,38,jerry_seinfeld,./dataset/train/jerry_seinfeld/train_jerry_seinfeld (17).jpg,jerry_seinfeld,./dataset/train/jerry_seinfeld/train_jerry_seinfeld (19).jpg,0.6732836961746216
144,38,jerry_seinfeld,./dataset/train/jerry_seinfeld/train_jerry_seinfeld (17).jpg,jerry_seinfeld,./dataset/train/jerry_seinfeld/train_jerry_seinfeld (2).jpg,0.7753865122795105
145,38,jerry_seinfeld,./dataset/train/jerry_seinfeld/train_jerry_seinfeld (17).jpg,jerry_seinfeld,./dataset/train/jerry_seinfeld/train_jerry_seinfeld (21).jpg,0.8812078833580017
146,38,jerry_seinfeld,./dataset/train/jerry_seinfeld/train_jerry_seinfeld (17).jpg,jerry_seinfeld,./dataset/train/jerry_seinfeld/train_jerry_seinfeld (3).jpg,0.6971757411956787
147,38,jerry_seinfeld,./dataset/train/jerry_seinfeld/train_jerry_seinfeld (17).jpg,jerry_seinfeld,./dataset/train/jerry_seinfeld/train_jerry_seinfeld (4).jpg,0.7530435919761658
148,38,jerry_seinfeld,./dataset/train/jerry_seinfeld/train_jerry_seinfeld (17).jpg,jerry_seinfeld,./dataset/train/jerry_seinfeld/train_jerry_seinfeld (5).jpg,0.7472518086433411
149,38,jerry_seinfeld,./dataset/train/jerry_seinfeld/train_jerry_seinfeld (17).jpg,jerry_seinfeld,./dataset/train/jerry_seinfeld/train_jerry_seinfeld (6).jpg,0.6908518075942993
150,38,jerry_seinfeld,./dataset/train/jerry_seinfeld/train_jerry_seinfeld (17).jpg,jerry_seinfeld,./dataset/train/jerry_seinfeld/train_jerry_seinfeld (7).jpg,0.715870201587677
151,38,jerry_seinfeld,./dataset/train/jerry_seinfeld/train_jerry_seinfeld (17).jpg,jerry_seinfeld,./dataset/train/jerry_seinfeld/train_jerry_seinfeld (8).jpg,0.7864552736282349
152,39,jerry_seinfeld,./dataset/train/jerry_seinfeld/train_jerry_seinfeld (18).jpg,jerry_seinfeld,./dataset/train/jerry_seinfeld/train_jerry_seinfeld (19).jpg,0.895508885383606
153,39,jerry_seinfeld,./dataset/train/jerry_seinfeld/train_jerry_seinfeld (18).jpg,jerry_seinfeld,./dataset/train/jerry_seinfeld/train_jerry_seinfeld (20).jpg,0.6547464728355408
154,39,jerry_seinfeld,./dataset/train/jerry_seinfeld/train_jerry_seinfeld (18).jpg,jerry_seinfeld,./dataset/train/jerry_seinfeld/train_jerry_seinfeld (21).jpg,0.6798847913742065
155,39,jerry_seinfeld,./dataset/train/jerry_seinfeld/train_jerry_seinfeld (18).jpg,jerry_seinfeld,./dataset/train/jerry_seinfeld/train_jerry_seinfeld (3).jpg,0.7063344717025757
156,39,jerry_seinfeld,./dataset/train/jerry_seinfeld/train_jerry_seinfeld (18).jpg,jerry_seinfeld,./dataset/train/jerry_seinfeld/train_jerry_seinfeld (4).jpg,0.7651665210723877
157,39,jerry_seinfeld,./dataset/train/jerry_seinfeld/train_jerry_seinfeld (18).jpg,jerry_seinfeld,./dataset/train/jerry_seinfeld/train_jerry_seinfeld (5).jpg,0.8038157820701599
158,39,jerry_seinfeld,./dataset/train/jerry_seinfeld/train_jerry_seinfeld (18).jpg,jerry_seinfeld,./dataset/train/jerry_seinfeld/train_jerry_seinfeld (6).jpg,0.7735350131988525
159,39,jerry_seinfeld,./dataset/train/jerry_seinfeld/train_jerry_seinfeld (18).jpg,jerry_seinfeld,./dataset/train/jerry_seinfeld/train_jerry_seinfeld (7).jpg,0.7564448118209839
160,39,jerry_seinfeld,./dataset/train/jerry_seinfeld/train_jerry_seinfeld (18).jpg,jerry_seinfeld,./dataset/train/jerry_seinfeld/train_jerry_seinfeld (8).jpg,0.7340357303619385
161,39,jerry_seinfeld,./dataset/train/jerry_seinfeld/train_jerry_seinfeld (18).jpg,jerry_seinfeld,./dataset/train/jerry_seinfeld/train_jerry_seinfeld (9).jpg,0.6597810387611389
162,40,jerry_seinfeld,./dataset/train/jerry_seinfeld/train_jerry_seinfeld (19).jpg,jerry_seinfeld,./dataset/train/jerry_seinfeld/train_jerry_seinfeld (2).jpg,0.6854356527328491
163,40,jerry_seinfeld,./dataset/train/jerry_seinfeld/train_jerry_seinfeld (19).jpg,jerry_seinfeld,./dataset/train/jerry_seinfeld/train_jerry_seinfeld (20).jpg,0.682487428188324
164,40,jerry_seinfeld,./dataset/train/jerry_seinfeld/train_jerry_seinfeld (19).jpg,jerry_seinfeld,./dataset/train/jerry_seinfeld/train_jerry_seinfeld (21).jpg,0.6640331745147705
165,40,jerry_seinfeld,./dataset/train/jerry_seinfeld/train_jerry_seinfeld (19).jpg,jerry_seinfeld,./dataset/train/jerry_seinfeld/train_jerry_seinfeld (3).jpg,0.6865234375
166,40,jerry_seinfeld,./dataset/train/jerry_seinfeld/train_jerry_seinfeld (19).jpg,jerry_seinfeld,./dataset/train/jerry_seinfeld/train_jerry_seinfeld (4).jpg,0.7081654667854309
167,40,jerry_seinfeld,./dataset/train/jerry_seinfeld/train_jerry_seinfeld (19).jpg,jerry_seinfeld,./dataset/train/jerry_seinfeld/train_jerry_seinfeld (5).jpg,0.813410758972168
168,40,jerry_seinfeld,./dataset/train/jerry_seinfeld/train_jerry_seinfeld (19).jpg,jerry_seinfeld,./dataset/train/jerry_seinfeld/train_jerry_seinfeld (6).jpg,0.7762343287467957
169,40,jerry_seinfeld,./dataset/train/jerry_seinfeld/train_jerry_seinfeld (19).jpg,jerry_seinfeld,./dataset/train/jerry_seinfeld/train_jerry_seinfeld (7).jpg,0.7354975938796997
170,40,jerry_seinfeld,./dataset/train/jerry_seinfeld/train_jerry_seinfeld (19).jpg,jerry_seinfeld,./dataset/train/jerry_seinfeld/train_jerry_seinfeld (8).jpg,0.7216678857803345
171,40,jerry_seinfeld,./dataset/train/jerry_seinfeld/train_jerry_seinfeld (19).jpg,jerry_seinfeld,./dataset/train/jerry_seinfeld/train_jerry_seinfeld (9).jpg,0.6633709669113159
172,41,jerry_seinfeld,./dataset/train/jerry_seinfeld/train_jerry_seinfeld (2).jpg,jerry_seinfeld,./dataset/train/jerry_seinfeld/train_jerry_seinfeld (21).jpg,0.7832402586936951
173,41,jerry_seinfeld,./dataset/train/jerry_seinfeld/train_jerry_seinfeld (2).jpg,jerry_seinfeld,./dataset/train/jerry_seinfeld/train_jerry_seinfeld (3).jpg,0.7175626754760742
174,41,jerry_seinfeld,./dataset/train/jerry_seinfeld/train_jerry_seinfeld (2).jpg,jerry_seinfeld,./dataset/train/jerry_seinfeld/train_jerry_seinfeld (5).jpg,0.7808273434638977
175,41,jerry_seinfeld,./dataset/train/jerry_seinfeld/train_jerry_seinfeld (2).jpg,jerry_seinfeld,./dataset/train/jerry_seinfeld/train_jerry_seinfeld (6).jpg,0.6623801589012146
176,41,jerry_seinfeld,./dataset/train/jerry_seinfeld/train_jerry_seinfeld (2).jpg,jerry_seinfeld,./dataset/train/jerry_seinfeld/train_jerry_seinfeld (7).jpg,0.7044183015823364
177,41,jerry_seinfeld,./dataset/train/jerry_seinfeld/train_jerry_seinfeld (2).jpg,jerry_seinfeld,./dataset/train/jerry_seinfeld/train_jerry_seinfeld (8).jpg,0.7692089080810547
178,42,jerry_seinfeld,./dataset/train/jerry_seinfeld/train_jerry_seinfeld (20).jpg,jerry_seinfeld,./dataset/train/jerry_seinfeld/train_jerry_seinfeld (3).jpg,0.658537745475769
179,42,jerry_seinfeld,./dataset/train/jerry_seinfeld/train_jerry_seinfeld (20).jpg,jerry_seinfeld,./dataset/train/jerry_seinfeld/train_jerry_seinfeld (5).jpg,0.7702982425689697
180,42,jerry_seinfeld,./dataset/train/jerry_seinfeld/train_jerry_seinfeld (20).jpg,jerry_seinfeld,./dataset/train/jerry_seinfeld/train_jerry_seinfeld (6).jpg,0.7953606843948364
181,42,jerry_seinfeld,./dataset/train/jerry_seinfeld/train_jerry_seinfeld (20).jpg,jerry_seinfeld,./dataset/train/jerry_seinfeld/train_jerry_seinfeld (9).jpg,0.7320191860198975
182,43,jerry_seinfeld,./dataset/train/jerry_seinfeld/train_jerry_seinfeld (21).jpg,jerry_seinfeld,./dataset/train/jerry_seinfeld/train_jerry_seinfeld (3).jpg,0.7971699237823486
183,43,jerry_seinfeld,./dataset/train/jerry_seinfeld/train_jerry_seinfeld (21).jpg,jerry_seinfeld,./dataset/train/jerry_seinfeld/train_jerry_seinfeld (4).jpg,0.7622652053833008
184,43,jerry_seinfeld,./dataset/train/jerry_seinfeld/train_jerry_seinfeld (21).jpg,jerry_seinfeld,./dataset/train/jerry_seinfeld/train_jerry_seinfeld (5).jpg,0.768049955368042
185,43,jerry_seinfeld,./dataset/train/jerry_seinfeld/train_jerry_seinfeld (21).jpg,jerry_seinfeld,./dataset/train/jerry_seinfeld/train_jerry_seinfeld (6).jpg,0.6870524883270264
186,43,jerry_seinfeld,./dataset/train/jerry_seinfeld/train_jerry_seinfeld (21).jpg,jerry_seinfeld,./dataset/train/jerry_seinfeld/train_jerry_seinfeld (7).jpg,0.7888427972793579
187,43,jerry_seinfeld,./dataset/train/jerry_seinfeld/train_jerry_seinfeld (21).jpg,jerry_seinfeld,./dataset/train/jerry_seinfeld/train_jerry_seinfeld (8).jpg,0.7917419075965881
188,44,jerry_seinfeld,./dataset/train/jerry_seinfeld/train_jerry_seinfeld (3).jpg,jerry_seinfeld,./dataset/train/jerry_seinfeld/train_jerry_seinfeld (4).jpg,0.7487298250198364
189,44,jerry_seinfeld,./dataset/train/jerry_seinfeld/train_jerry_seinfeld (3).jpg,jerry_seinfeld,./dataset/train/jerry_seinfeld/train_jerry_seinfeld (5).jpg,0.7890967130661011
190,44,jerry_seinfeld,./dataset/train/jerry_seinfeld/train_jerry_seinfeld (3).jpg,jerry_seinfeld,./dataset/train/jerry_seinfeld/train_jerry_seinfeld (6).jpg,0.8459665775299072
191,44,jerry_seinfeld,./dataset/train/jerry_seinfeld/train_jerry_seinfeld (3).jpg,jerry_seinfeld,./dataset/train/jerry_seinfeld/train_jerry_seinfeld (7).jpg,0.8307886123657227
192,44,jerry_seinfeld,./dataset/train/jerry_seinfeld/train_jerry_seinfeld (3).jpg,jerry_seinfeld,./dataset/train/jerry_seinfeld/train_jerry_seinfeld (8).jpg,0.7516381740570068
193,44,jerry_seinfeld,./dataset/train/jerry_seinfeld/train_jerry_seinfeld (3).jpg,jerry_seinfeld,./dataset/train/jerry_seinfeld/train_jerry_seinfeld (9).jpg,0.8021461963653564
194,45,jerry_seinfeld,./dataset/train/jerry_seinfeld/train_jerry_seinfeld (4).jpg,jerry_seinfeld,./dataset/train/jerry_seinfeld/train_jerry_seinfeld (5).jpg,0.7137542963027954
195,45,jerry_seinfeld,./dataset/train/jerry_seinfeld/train_jerry_seinfeld (4).jpg,jerry_seinfeld,./dataset/train/jerry_seinfeld/train_jerry_seinfeld (6).jpg,0.7584264874458313
196,45,jerry_seinfeld,./dataset/train/jerry_seinfeld/train_jerry_seinfeld (4).jpg,jerry_seinfeld,./dataset/train/jerry_seinfeld/train_jerry_seinfeld (7).jpg,0.7954108715057373
197,45,jerry_seinfeld,./dataset/train/jerry_seinfeld/train_jerry_seinfeld (4).jpg,jerry_seinfeld,./dataset/train/jerry_seinfeld/train_jerry_seinfeld (8).jpg,0.7516674995422363
198,45,jerry_seinfeld,./dataset/train/jerry_seinfeld/train_jerry_seinfeld (4).jpg,jerry_seinfeld,./dataset/train/jerry_seinfeld/train_jerry_seinfeld (9).jpg,0.7266454696655273
199,46,jerry_seinfeld,./dataset/train/jerry_seinfeld/train_jerry_seinfeld (5).jpg,jerry_seinfeld,./dataset/train/jerry_seinfeld/train_jerry_seinfeld (6).jpg,0.8212145566940308
200,46,jerry_seinfeld,./dataset/train/jerry_seinfeld/train_jerry_seinfeld (5).jpg,jerry_seinfeld,./dataset/train/jerry_seinfeld/train_jerry_seinfeld (7).jpg,0.7988616824150085
201,46,jerry_seinfeld,./dataset/train/jerry_seinfeld/train_jerry_seinfeld (5).jpg,jerry_seinfeld,./dataset/train/jerry_seinfeld/train_jerry_seinfeld (8).jpg,0.792807400226593
202,46,jerry_seinfeld,./dataset/train/jerry_seinfeld/train_jerry_seinfeld (5).jpg,jerry_seinfeld,./dataset/train/jerry_seinfeld/train_jerry_seinfeld (9).jpg,0.7134671211242676
203,47,jerry_seinfeld,./dataset/train/jerry_seinfeld/train_jerry_seinfeld (6).jpg,jerry_seinfeld,./dataset/train/jerry_seinfeld/train_jerry_seinfeld (7).jpg,0.7627863883972168
204,47,jerry_seinfeld,./dataset/train/jerry_seinfeld/train_jerry_seinfeld (6).jpg,jerry_seinfeld,./dataset/train/jerry_seinfeld/train_jerry_seinfeld (8).jpg,0.7744535207748413
205,47,jerry_seinfeld,./dataset/train/jerry_seinfeld/train_jerry_seinfeld (6).jpg,jerry_seinfeld,./dataset/train/jerry_seinfeld/train_jerry_seinfeld (9).jpg,0.868549108505249
206,48,jerry_seinfeld,./dataset/train/jerry_seinfeld/train_jerry_seinfeld (7).jpg,jerry_seinfeld,./dataset/train/jerry_seinfeld/train_jerry_seinfeld (8).jpg,0.7609409093856812
207,48,jerry_seinfeld,./dataset/train/jerry_seinfeld/train_jerry_seinfeld (7).jpg,jerry_seinfeld,./dataset/train/jerry_seinfeld/train_jerry_seinfeld (9).jpg,0.7528921365737915
208,49,jerry_seinfeld,./dataset/train/jerry_seinfeld/train_jerry_seinfeld (8).jpg,jerry_seinfeld,./dataset/train/jerry_seinfeld/train_jerry_seinfeld (9).jpg,0.7119578719139099
209,51,madonna,./dataset/train/madonna/train_madonna (1).jpg,madonna,./dataset/train/madonna/train_madonna (12).jpg,0.6593769788742065
210,51,madonna,./dataset/train/madonna/train_madonna (1).jpg,madonna,./dataset/train/madonna/train_madonna (15).jpg,0.7403321266174316
211,51,madonna,./dataset/train/madonna/train_madonna (1).jpg,madonna,./dataset/train/madonna/train_madonna (17).jpg,0.6560986638069153
212,51,madonna,./dataset/train/madonna/train_madonna (1).jpg,madonna,./dataset/train/madonna/train_madonna (2).jpg,0.7025060653686523
213,51,madonna,./dataset/train/madonna/train_madonna (1).jpg,madonna,./dataset/train/madonna/train_madonna (3).jpg,0.7007208466529846
214,51,madonna,./dataset/train/madonna/train_madonna (1).jpg,madonna,./dataset/train/madonna/train_madonna (4).jpg,0.7209783792495728
215,51,madonna,./dataset/train/madonna/train_madonna (1).jpg,madonna,./dataset/train/madonna/train_madonna (5).jpg,0.833686351776123
216,51,madonna,./dataset/train/madonna/train_madonna (1).jpg,madonna,./dataset/train/madonna/train_madonna (6).jpg,0.7129611968994141
217,53,madonna,./dataset/train/madonna/train_madonna (11).jpg,madonna,./dataset/train/madonna/train_madonna (7).jpg,0.6513347029685974
218,54,madonna,./dataset/train/madonna/train_madonna (12).jpg,madonna,./dataset/train/madonna/train_madonna (17).jpg,0.7045661211013794
219,57,madonna,./dataset/train/madonna/train_madonna (15).jpg,madonna,./dataset/train/madonna/train_madonna (3).jpg,0.7384831309318542
220,57,madonna,./dataset/train/madonna/train_madonna (15).jpg,madonna,./dataset/train/madonna/train_madonna (5).jpg,0.6659817695617676
221,57,madonna,./dataset/train/madonna/train_madonna (15).jpg,madonna,./dataset/train/madonna/train_madonna (6).jpg,0.6699531078338623
222,62,madonna,./dataset/train/madonna/train_madonna (2).jpg,madonna,./dataset/train/madonna/train_madonna (5).jpg,0.7442472577095032
223,62,madonna,./dataset/train/madonna/train_madonna (2).jpg,madonna,./dataset/train/madonna/train_madonna (6).jpg,0.6788365244865417
224,64,madonna,./dataset/train/madonna/train_madonna (4).jpg,madonna,./dataset/train/madonna/train_madonna (5).jpg,0.6668621301651001
225,64,madonna,./dataset/train/madonna/train_madonna (4).jpg,madonna,./dataset/train/madonna/train_madonna (6).jpg,0.7076389789581299
226,65,madonna,./dataset/train/madonna/train_madonna (5).jpg,madonna,./dataset/train/madonna/train_madonna (6).jpg,0.7683076858520508
227,66,madonna,./dataset/train/madonna/train_madonna (6).jpg,madonna,./dataset/train/madonna/train_madonna (8).jpg,0.6541354656219482
228,70,mindy_kaling,./dataset/train/mindy_kaling/train_mindy_kaling (1).jpg,mindy_kaling,./dataset/train/mindy_kaling/train_mindy_kaling (12).jpg,0.848986804485321
229,70,mindy_kaling,./dataset/train/mindy_kaling/train_mindy_kaling (1).jpg,mindy_kaling,./dataset/train/mindy_kaling/train_mindy_kaling (13).jpg,0.6501957178115845
230,70,mindy_kaling,./dataset/train/mindy_kaling/train_mindy_kaling (1).jpg,mindy_kaling,./dataset/train/mindy_kaling/train_mindy_kaling (16).jpg,0.7673907279968262
231,70,mindy_kaling,./dataset/train/mindy_kaling/train_mindy_kaling (1).jpg,mindy_kaling,./dataset/train/mindy_kaling/train_mindy_kaling (17).jpg,0.7209572792053223
232,70,mindy_kaling,./dataset/train/mindy_kaling/train_mindy_kaling (1).jpg,mindy_kaling,./dataset/train/mindy_kaling/train_mindy_kaling (18).jpg,0.8005260229110718
233,70,mindy_kaling,./dataset/train/mindy_kaling/train_mindy_kaling (1).jpg,mindy_kaling,./dataset/train/mindy_kaling/train_mindy_kaling (19).jpg,0.7797666788101196
234,70,mindy_kaling,./dataset/train/mindy_kaling/train_mindy_kaling (1).jpg,mindy_kaling,./dataset/train/mindy_kaling/train_mindy_kaling (2).jpg,0.8059078454971313
235,70,mindy_kaling,./dataset/train/mindy_kaling/train_mindy_kaling (1).jpg,mindy_kaling,./dataset/train/mindy_kaling/train_mindy_kaling (20).jpg,0.8300564289093018
236,70,mindy_kaling,./dataset/train/mindy_kaling/train_mindy_kaling (1).jpg,mindy_kaling,./dataset/train/mindy_kaling/train_mindy_kaling (21).jpg,0.6634480357170105
237,70,mindy_kaling,./dataset/train/mindy_kaling/train_mindy_kaling (1).jpg,mindy_kaling,./dataset/train/mindy_kaling/train_mindy_kaling (4).jpg,0.8099275827407837
238,70,mindy_kaling,./dataset/train/mindy_kaling/train_mindy_kaling (1).jpg,mindy_kaling,./dataset/train/mindy_kaling/train_mindy_kaling (5).jpg,0.7877824306488037
239,70,mindy_kaling,./dataset/train/mindy_kaling/train_mindy_kaling (1).jpg,mindy_kaling,./dataset/train/mindy_kaling/train_mindy_kaling (6).jpg,0.9025195837020874
240,70,mindy_kaling,./dataset/train/mindy_kaling/train_mindy_kaling (1).jpg,mindy_kaling,./dataset/train/mindy_kaling/train_mindy_kaling (7).jpg,0.8111321330070496
241,70,mindy_kaling,./dataset/train/mindy_kaling/train_mindy_kaling (1).jpg,mindy_kaling,./dataset/train/mindy_kaling/train_mindy_kaling (8).jpg,0.6721404194831848
242,71,mindy_kaling,./dataset/train/mindy_kaling/train_mindy_kaling (10).jpg,mindy_kaling,./dataset/train/mindy_kaling/train_mindy_kaling (2).jpg,0.6754837036132812
243,71,mindy_kaling,./dataset/train/mindy_kaling/train_mindy_kaling (10).jpg,mindy_kaling,./dataset/train/mindy_kaling/train_mindy_kaling (20).jpg,0.6913886070251465
244,72,mindy_kaling,./dataset/train/mindy_kaling/train_mindy_kaling (11).jpg,mindy_kaling,./dataset/train/mindy_kaling/train_mindy_kaling (18).jpg,0.6918492317199707
245,72,mindy_kaling,./dataset/train/mindy_kaling/train_mindy_kaling (11).jpg,mindy_kaling,./dataset/train/mindy_kaling/train_mindy_kaling (19).jpg,0.6500173807144165
246,72,mindy_kaling,./dataset/train/mindy_kaling/train_mindy_kaling (11).jpg,mindy_kaling,./dataset/train/mindy_kaling/train_mindy_kaling (5).jpg,0.6547123789787292
247,73,mindy_kaling,./dataset/train/mindy_kaling/train_mindy_kaling (12).jpg,mindy_kaling,./dataset/train/mindy_kaling/train_mindy_kaling (16).jpg,0.6563165783882141
248,73,mindy_kaling,./dataset/train/mindy_kaling/train_mindy_kaling (12).jpg,mindy_kaling,./dataset/train/mindy_kaling/train_mindy_kaling (17).jpg,0.7163674831390381
249,73,mindy_kaling,./dataset/train/mindy_kaling/train_mindy_kaling (12).jpg,mindy_kaling,./dataset/train/mindy_kaling/train_mindy_kaling (18).jpg,0.758726954460144
250,73,mindy_kaling,./dataset/train/mindy_kaling/train_mindy_kaling (12).jpg,mindy_kaling,./dataset/train/mindy_kaling/train_mindy_kaling (19).jpg,0.7425040006637573
251,73,mindy_kaling,./dataset/train/mindy_kaling/train_mindy_kaling (12).jpg,mindy_kaling,./dataset/train/mindy_kaling/train_mindy_kaling (2).jpg,0.7390753030776978
252,73,mindy_kaling,./dataset/train/mindy_kaling/train_mindy_kaling (12).jpg,mindy_kaling,./dataset/train/mindy_kaling/train_mindy_kaling (20).jpg,0.8132544159889221
253,73,mindy_kaling,./dataset/train/mindy_kaling/train_mindy_kaling (12).jpg,mindy_kaling,./dataset/train/mindy_kaling/train_mindy_kaling (21).jpg,0.650160551071167
254,73,mindy_kaling,./dataset/train/mindy_kaling/train_mindy_kaling (12).jpg,mindy_kaling,./dataset/train/mindy_kaling/train_mindy_kaling (4).jpg,0.715117335319519
255,73,mindy_kaling,./dataset/train/mindy_kaling/train_mindy_kaling (12).jpg,mindy_kaling,./dataset/train/mindy_kaling/train_mindy_kaling (5).jpg,0.7455517053604126
256,73,mindy_kaling,./dataset/train/mindy_kaling/train_mindy_kaling (12).jpg,mindy_kaling,./dataset/train/mindy_kaling/train_mindy_kaling (6).jpg,0.808756411075592
257,73,mindy_kaling,./dataset/train/mindy_kaling/train_mindy_kaling (12).jpg,mindy_kaling,./dataset/train/mindy_kaling/train_mindy_kaling (7).jpg,0.8284134268760681
258,73,mindy_kaling,./dataset/train/mindy_kaling/train_mindy_kaling (12).jpg,mindy_kaling,./dataset/train/mindy_kaling/train_mindy_kaling (9).jpg,0.7581923007965088
259,74,mindy_kaling,./dataset/train/mindy_kaling/train_mindy_kaling (13).jpg,mindy_kaling,./dataset/train/mindy_kaling/train_mindy_kaling (17).jpg,0.6802469491958618
260,74,mindy_kaling,./dataset/train/mindy_kaling/train_mindy_kaling (13).jpg,mindy_kaling,./dataset/train/mindy_kaling/train_mindy_kaling (20).jpg,0.6752351522445679
261,74,mindy_kaling,./dataset/train/mindy_kaling/train_mindy_kaling (13).jpg,mindy_kaling,./dataset/train/mindy_kaling/train_mindy_kaling (4).jpg,0.6732177734375
262,75,mindy_kaling,./dataset/train/mindy_kaling/train_mindy_kaling (14).jpg,mindy_kaling,./dataset/train/mindy_kaling/train_mindy_kaling (16).jpg,0.6569256782531738
263,77,mindy_kaling,./dataset/train/mindy_kaling/train_mindy_kaling (16).jpg,mindy_kaling,./dataset/train/mindy_kaling/train_mindy_kaling (18).jpg,0.8863589763641357
264,77,mindy_kaling,./dataset/train/mindy_kaling/train_mindy_kaling (16).jpg,mindy_kaling,./dataset/train/mindy_kaling/train_mindy_kaling (19).jpg,0.8018598556518555
265,77,mindy_kaling,./dataset/train/mindy_kaling/train_mindy_kaling (16).jpg,mindy_kaling,./dataset/train/mindy_kaling/train_mindy_kaling (2).jpg,0.7947970628738403
266,77,mindy_kaling,./dataset/train/mindy_kaling/train_mindy_kaling (16).jpg,mindy_kaling,./dataset/train/mindy_kaling/train_mindy_kaling (20).jpg,0.783441960811615
267,77,mindy_kaling,./dataset/train/mindy_kaling/train_mindy_kaling (16).jpg,mindy_kaling,./dataset/train/mindy_kaling/train_mindy_kaling (21).jpg,0.8517359495162964
268,77,mindy_kaling,./dataset/train/mindy_kaling/train_mindy_kaling (16).jpg,mindy_kaling,./dataset/train/mindy_kaling/train_mindy_kaling (4).jpg,0.7797301411628723
269,77,mindy_kaling,./dataset/train/mindy_kaling/train_mindy_kaling (16).jpg,mindy_kaling,./dataset/train/mindy_kaling/train_mindy_kaling (5).jpg,0.8687042593955994
270,77,mindy_kaling,./dataset/train/mindy_kaling/train_mindy_kaling (16).jpg,mindy_kaling,./dataset/train/mindy_kaling/train_mindy_kaling (6).jpg,0.8173326253890991
271,77,mindy_kaling,./dataset/train/mindy_kaling/train_mindy_kaling (16).jpg,mindy_kaling,./dataset/train/mindy_kaling/train_mindy_kaling (7).jpg,0.7453128695487976
272,77,mindy_kaling,./dataset/train/mindy_kaling/train_mindy_kaling (16).jpg,mindy_kaling,./dataset/train/mindy_kaling/train_mindy_kaling (8).jpg,0.7653759717941284
273,78,mindy_kaling,./dataset/train/mindy_kaling/train_mindy_kaling (17).jpg,mindy_kaling,./dataset/train/mindy_kaling/train_mindy_kaling (18).jpg,0.7759848833084106
274,78,mindy_kaling,./dataset/train/mindy_kaling/train_mindy_kaling (17).jpg,mindy_kaling,./dataset/train/mindy_kaling/train_mindy_kaling (2).jpg,0.7276564240455627
275,78,mindy_kaling,./dataset/train/mindy_kaling/train_mindy_kaling (17).jpg,mindy_kaling,./dataset/train/mindy_kaling/train_mindy_kaling (20).jpg,0.7188084721565247
276,78,mindy_kaling,./dataset/train/mindy_kaling/train_mindy_kaling (17).jpg,mindy_kaling,./dataset/train/mindy_kaling/train_mindy_kaling (5).jpg,0.717951238155365
277,78,mindy_kaling,./dataset/train/mindy_kaling/train_mindy_kaling (17).jpg,mindy_kaling,./dataset/train/mindy_kaling/train_mindy_kaling (6).jpg,0.7280949354171753
278,78,mindy_kaling,./dataset/train/mindy_kaling/train_mindy_kaling (17).jpg,mindy_kaling,./dataset/train/mindy_kaling/train_mindy_kaling (7).jpg,0.7214376926422119
279,79,mindy_kaling,./dataset/train/mindy_kaling/train_mindy_kaling (18).jpg,mindy_kaling,./dataset/train/mindy_kaling/train_mindy_kaling (19).jpg,0.8275607228279114
280,79,mindy_kaling,./dataset/train/mindy_kaling/train_mindy_kaling (18).jpg,mindy_kaling,./dataset/train/mindy_kaling/train_mindy_kaling (2).jpg,0.8311480283737183
281,79,mindy_kaling,./dataset/train/mindy_kaling/train_mindy_kaling (18).jpg,mindy_kaling,./dataset/train/mindy_kaling/train_mindy_kaling (20).jpg,0.8220356106758118
282,79,mindy_kaling,./dataset/train/mindy_kaling/train_mindy_kaling (18).jpg,mindy_kaling,./dataset/train/mindy_kaling/train_mindy_kaling (21).jpg,0.8076633810997009
283,79,mindy_kaling,./dataset/train/mindy_kaling/train_mindy_kaling (18).jpg,mindy_kaling,./dataset/train/mindy_kaling/train_mindy_kaling (4).jpg,0.8259490728378296
284,79,mindy_kaling,./dataset/train/mindy_kaling/train_mindy_kaling (18).jpg,mindy_kaling,./dataset/train/mindy_kaling/train_mindy_kaling (5).jpg,0.9013874530792236
285,79,mindy_kaling,./dataset/train/mindy_kaling/train_mindy_kaling (18).jpg,mindy_kaling,./dataset/train/mindy_kaling/train_mindy_kaling (6).jpg,0.8194842338562012
286,79,mindy_kaling,./dataset/train/mindy_kaling/train_mindy_kaling (18).jpg,mindy_kaling,./dataset/train/mindy_kaling/train_mindy_kaling (7).jpg,0.7941794395446777
287,79,mindy_kaling,./dataset/train/mindy_kaling/train_mindy_kaling (18).jpg,mindy_kaling,./dataset/train/mindy_kaling/train_mindy_kaling (8).jpg,0.678622841835022
288,80,mindy_kaling,./dataset/train/mindy_kaling/train_mindy_kaling (19).jpg,mindy_kaling,./dataset/train/mindy_kaling/train_mindy_kaling (2).jpg,0.7793515920639038
289,80,mindy_kaling,./dataset/train/mindy_kaling/train_mindy_kaling (19).jpg,mindy_kaling,./dataset/train/mindy_kaling/train_mindy_kaling (20).jpg,0.7941368818283081
290,80,mindy_kaling,./dataset/train/mindy_kaling/train_mindy_kaling (19).jpg,mindy_kaling,./dataset/train/mindy_kaling/train_mindy_kaling (21).jpg,0.7152605056762695
291,80,mindy_kaling,./dataset/train/mindy_kaling/train_mindy_kaling (19).jpg,mindy_kaling,./dataset/train/mindy_kaling/train_mindy_kaling (4).jpg,0.713428795337677
292,80,mindy_kaling,./dataset/train/mindy_kaling/train_mindy_kaling (19).jpg,mindy_kaling,./dataset/train/mindy_kaling/train_mindy_kaling (5).jpg,0.82835853099823
293,80,mindy_kaling,./dataset/train/mindy_kaling/train_mindy_kaling (19).jpg,mindy_kaling,./dataset/train/mindy_kaling/train_mindy_kaling (6).jpg,0.7464207410812378
294,80,mindy_kaling,./dataset/train/mindy_kaling/train_mindy_kaling (19).jpg,mindy_kaling,./dataset/train/mindy_kaling/train_mindy_kaling (7).jpg,0.7909848690032959
295,80,mindy_kaling,./dataset/train/mindy_kaling/train_mindy_kaling (19).jpg,mindy_kaling,./dataset/train/mindy_kaling/train_mindy_kaling (8).jpg,0.7361576557159424
296,81,mindy_kaling,./dataset/train/mindy_kaling/train_mindy_kaling (2).jpg,mindy_kaling,./dataset/train/mindy_kaling/train_mindy_kaling (20).jpg,0.8070143461227417
297,81,mindy_kaling,./dataset/train/mindy_kaling/train_mindy_kaling (2).jpg,mindy_kaling,./dataset/train/mindy_kaling/train_mindy_kaling (21).jpg,0.7219457626342773
298,81,mindy_kaling,./dataset/train/mindy_kaling/train_mindy_kaling (2).jpg,mindy_kaling,./dataset/train/mindy_kaling/train_mindy_kaling (4).jpg,0.6983858346939087
299,81,mindy_kaling,./dataset/train/mindy_kaling/train_mindy_kaling (2).jpg,mindy_kaling,./dataset/train/mindy_kaling/train_mindy_kaling (5).jpg,0.8052159547805786
300,81,mindy_kaling,./dataset/train/mindy_kaling/train_mindy_kaling (2).jpg,mindy_kaling,./dataset/train/mindy_kaling/train_mindy_kaling (6).jpg,0.845589280128479
301,81,mindy_kaling,./dataset/train/mindy_kaling/train_mindy_kaling (2).jpg,mindy_kaling,./dataset/train/mindy_kaling/train_mindy_kaling (7).jpg,0.8466695547103882
302,81,mindy_kaling,./dataset/train/mindy_kaling/train_mindy_kaling (2).jpg,mindy_kaling,./dataset/train/mindy_kaling/train_mindy_kaling (8).jpg,0.765859842300415
303,82,mindy_kaling,./dataset/train/mindy_kaling/train_mindy_kaling (20).jpg,mindy_kaling,./dataset/train/mindy_kaling/train_mindy_kaling (21).jpg,0.7073705196380615
304,82,mindy_kaling,./dataset/train/mindy_kaling/train_mindy_kaling (20).jpg,mindy_kaling,./dataset/train/mindy_kaling/train_mindy_kaling (4).jpg,0.8479377031326294
305,82,mindy_kaling,./dataset/train/mindy_kaling/train_mindy_kaling (20).jpg,mindy_kaling,./dataset/train/mindy_kaling/train_mindy_kaling (5).jpg,0.8081282377243042
306,82,mindy_kaling,./dataset/train/mindy_kaling/train_mindy_kaling (20).jpg,mindy_kaling,./dataset/train/mindy_kaling/train_mindy_kaling (6).jpg,0.8014678955078125
307,82,mindy_kaling,./dataset/train/mindy_kaling/train_mindy_kaling (20).jpg,mindy_kaling,./dataset/train/mindy_kaling/train_mindy_kaling (7).jpg,0.803565263748169
308,83,mindy_kaling,./dataset/train/mindy_kaling/train_mindy_kaling (21).jpg,mindy_kaling,./dataset/train/mindy_kaling/train_mindy_kaling (4).jpg,0.750973105430603
309,83,mindy_kaling,./dataset/train/mindy_kaling/train_mindy_kaling (21).jpg,mindy_kaling,./dataset/train/mindy_kaling/train_mindy_kaling (5).jpg,0.8636879920959473
310,83,mindy_kaling,./dataset/train/mindy_kaling/train_mindy_kaling (21).jpg,mindy_kaling,./dataset/train/mindy_kaling/train_mindy_kaling (6).jpg,0.722390353679657
311,83,mindy_kaling,./dataset/train/mindy_kaling/train_mindy_kaling (21).jpg,mindy_kaling,./dataset/train/mindy_kaling/train_mindy_kaling (7).jpg,0.7545665502548218
312,83,mindy_kaling,./dataset/train/mindy_kaling/train_mindy_kaling (21).jpg,mindy_kaling,./dataset/train/mindy_kaling/train_mindy_kaling (8).jpg,0.7594059705734253
313,85,mindy_kaling,./dataset/train/mindy_kaling/train_mindy_kaling (4).jpg,mindy_kaling,./dataset/train/mindy_kaling/train_mindy_kaling (5).jpg,0.8091660141944885
314,85,mindy_kaling,./dataset/train/mindy_kaling/train_mindy_kaling (4).jpg,mindy_kaling,./dataset/train/mindy_kaling/train_mindy_kaling (6).jpg,0.802831768989563
315,85,mindy_kaling,./dataset/train/mindy_kaling/train_mindy_kaling (4).jpg,mindy_kaling,./dataset/train/mindy_kaling/train_mindy_kaling (7).jpg,0.7637516260147095
316,86,mindy_kaling,./dataset/train/mindy_kaling/train_mindy_kaling (5).jpg,mindy_kaling,./dataset/train/mindy_kaling/train_mindy_kaling (6).jpg,0.8252010941505432
317,86,mindy_kaling,./dataset/train/mindy_kaling/train_mindy_kaling (5).jpg,mindy_kaling,./dataset/train/mindy_kaling/train_mindy_kaling (7).jpg,0.8415570259094238
318,86,mindy_kaling,./dataset/train/mindy_kaling/train_mindy_kaling (5).jpg,mindy_kaling,./dataset/train/mindy_kaling/train_mindy_kaling (8).jpg,0.730636477470398
319,87,mindy_kaling,./dataset/train/mindy_kaling/train_mindy_kaling (6).jpg,mindy_kaling,./dataset/train/mindy_kaling/train_mindy_kaling (7).jpg,0.8818411827087402
320,87,mindy_kaling,./dataset/train/mindy_kaling/train_mindy_kaling (6).jpg,mindy_kaling,./dataset/train/mindy_kaling/train_mindy_kaling (8).jpg,0.6805870532989502
321,88,mindy_kaling,./dataset/train/mindy_kaling/train_mindy_kaling (7).jpg,mindy_kaling,./dataset/train/mindy_kaling/train_mindy_kaling (8).jpg,0.6875454187393188
