Country/Territory,Title,Type,Link,URL,Digital Innovations,Data Infrastructure,Business Development Services,Enabling Environment for Digitalisation
antigua and barbuda,Information and Communication Technologies Policy (Draft),Part of National ICT/Digital Document,"Information
and Communication Technologies Policy (Draft)",https://silo.tips/download/antigua-and-barbuda-information-and-communication-technologies-icts-draft-policy,,,,
antigua and barbuda,Data Protection Act 2013,Part of National ICT/Digital Document,Antigua and Barbuda - Data Protection Act 2013 - (theinformationcollective.com),https://www.theinformationcollective.com/dpl/antigua-and-barbuda-data-protection-act-2013,,,,
antigua and barbuda,Electronic Crimes Act 2013 & Electronic Crimes (Amendment) Act 2018,Part of National ICT/Digital Document,Electronic Crimes Act 2013 & Electronic Crimes (Amendment) Act 2018 | The Commonwealth Connectivity Agenda Repository of Digital Policies and Regulations,https://tradecca.thecommonwealth.org/document/electronic-crimes-act-2013-electronic-crimes-amendment-act-2018,,,,
antigua and barbuda,Electronic Transactions Act 2013 & Electronic Transactions (Amendment) Act 2016,Part of National ICT/Digital Document,electronic-transactions-act-2013-electronic-transactions-amendment-act-2016 (thecommonwealth.org),https://tradecca.thecommonwealth.org/pdf/electronic-transactions-act-2013-electronic-transactions-amendment-act-2016,,,,
antigua and barbuda,G.A.T.E. Government Assisted Technology Endeavour,Part of National ICT/Digital Document,G.A.T.E. Government Assisted Technology Endeavour | The Commonwealth Connectivity Agenda Repository of Digital Policies and Regulations,https://tradecca.thecommonwealth.org/document/g-a-t-e-government-assisted-technology-endeavour,,,,
antigua and barbuda,Food and Nutrition Security Policy 2012,Part of Existing Sector Document (Agriculture/Fisheries),Food and Nutrition Security Policy 2012,#VALUE!,,,,
australia,"Australia's Second National Plan of Action to Prevent, Deter and Eliminate Illegal, Unreported and Unregulated Fishing.",Part of Existing Sector Document (Agriculture/Fisheries),http://faolex.fao.org/docs/pdf/aus161858.pdf,http://faolex.fao.org/docs/pdf/aus161858.pdf,,,,
australia,Digital Transformation Strategy,Part of National ICT/Digital Document,https://www.bing.com/search?q=Digital+Transformation+Strategy+australia+&qs=n&form=QBRE&msbsrank=1_2__0&sp=-1&pq=digital+transformation+strategy+australi&sc=2-40&sk=&cvid=85C51D9B1C434CEABAEB6546097260DD,https://www.bing.com/search?q=Digital+Transformation+Strategy+australia+&qs=n&form=QBRE&msbsrank=1_2__0&sp=-1&pq=digital+transformation+strategy+australi&sc=2-40&sk=&cvid=85C51D9B1C434CEABAEB6546097260DD,,,,
australia,Treasury Laws Amendment (Consumer Data Right) 2018 Bill,Part of National ICT/Digital Document,Treasury Laws Amendment (Consumer Data Right) 2018 Bill | Treasury.gov.au,https://treasury.gov.au/consumer-data-right-bill,,,,
australia,Digital Preservation Policy 4th Edition (2013),Part of National ICT/Digital Document,Digital Preservation Policy 4th Edition (2013) | National Library of Australia (nla.gov.au),https://www.nla.gov.au/policy-and-planning/digital-preservation-policy,,,,
australia,Australia Tech Future,Part of National ICT/Digital Document,AUSTRALIA’S TECH FUTURE (industry.gov.au),https://www.industry.gov.au/sites/default/files/2018-12/australias-tech-future.pdf,,,,
australia,Cyber Security Policy,Part of National ICT/Digital Document,2020 Cyber Security Strategy (homeaffairs.gov.au),https://www.homeaffairs.gov.au/about-us/our-portfolios/cyber-security/strategy/australia%E2%80%99s-cyber-security-strategy-2020,,,,
australia,Digital Economy Strategy 2021,Part of National ICT/Digital Document,Digital Economy Strategy (pmc.gov.au),https://digitaleconomy.pmc.gov.au/sites/default/files/2021-05/digital-economy-strategy.pdf,,,,
australia,Delivering Ag 2030,Part of Existing Sector Document (Agriculture/Fisheries),https://www.awe.gov.au/agriculture-land/farm-food-drought/ag2030,https://www.awe.gov.au/agriculture-land/farm-food-drought/ag2030,,,,
australia,Digital Agriculture Strategy Victoria,Standalone,https://agriculture.vic.gov.au/__data/assets/pdf_file/0006/567051/Digital-agriculture-strategy-2018.pdf,https://agriculture.vic.gov.au/__data/assets/pdf_file/0006/567051/Digital-agriculture-strategy-2018.pdf,,,,
australia,Farm Data Code 2020 Edition 1,Standalone,Farm_Data_Code_Edition_1_WEB_FINAL.pdf (nff.org.au),https://nff.org.au/wp-content/uploads/2020/02/Farm_Data_Code_Edition_1_WEB_FINAL.pdf,,,,
bahamas,Payments Instruments (Oversight) Regulations 2017 & Payments Systems Act 2012,Part of National ICT/Digital Document,https://www.centralbankbahamas.com/viewPDF/documents/2020-12-10-21-15-37-2019-06-19-04-04-54-Payment-Instruments-Oversight-Regulations-2017.pdf,https://www.centralbankbahamas.com/viewPDF/documents/2020-12-10-21-15-37-2019-06-19-04-04-54-Payment-Instruments-Oversight-Regulations-2017.pdf,,,,
bahamas,Electronic Communications and Transaction Act,Part of National ICT/Digital Document,Electronic Communications and Transactions Act (bahamas.gov.bs),http://laws.bahamas.gov.bs/cms/images/LEGISLATION/PRINCIPAL/2003/2003-0004/ElectronicCommunicationsandTransactionsAct_1.pdf,,,,
bahamas,Computer Misuse Act,Part of National ICT/Digital Document,Computer Misuse Act (bahamas.gov.bs),http://laws.bahamas.gov.bs/cms/images/LEGISLATION/PRINCIPAL/2003/2003-0002/ComputerMisuseAct_1.pdf,,,,
bahamas,Data Protection Act,Part of National ICT/Digital Document,Bahamas Data Protection Act: What you need to know. » ParrisWhittaker,https://parriswhittaker.com/bahamas-data-protection-act-what-you-need-to-know/,,,,
bahamas,Connect Your E-Business Strategy To The Bahamas - Bridging The Digital Divide,Part of National ICT/Digital Document,Bahamas E_Guide (d3n8a8pro7vhmx.cloudfront.net),https://d3n8a8pro7vhmx.cloudfront.net/itsnojoke/pages/94/attachments/original/1492607359/e-business_guide.pdf?1492607359,,,,
bahamas,2017 National Food and Nutrition Security Policy and Agenda for Action,Part of Existing Sector Document (Agriculture/Fisheries),https://extranet.who.int/nutrition/gina/sites/default/filesstore/BHS 2017 FNS policy_0.pdf,#VALUE!,,,,
bahamas,Five Year Sector Strategy Pan for Fisheries and Aquaculture (2010-2014) d,Part of Existing Sector Document (Agriculture/Fisheries),"Five Year
Sector Strategy Pan for Fisheries and Aquaculture (2010-2014",http://extwprlegs1.fao.org/docs/pdf/bha176952.pdf,,,,
bahamas,"The Bahamas National Pathway for Food Systems
Transformation in support of The 2030 Agenda",Part of Existing Sector Document (Agriculture/Fisheries),Bahamas National Pathway - UNFSSD (summitdialogues.org),https://summitdialogues.org/wp-content/uploads/2021/09/Bahamas-National-Pathway-UNFSSD-2.pdf,,,,
bangladesh,"Country Investment Plan - A road map towards investment in agriculture, food security and nutrition.",Part of Existing Sector Document (Agriculture/Fisheries),http://faolex.fao.org/docs/pdf/bgd163029.pdf,http://faolex.fao.org/docs/pdf/bgd163029.pdf,,,,
bangladesh,National Fisheries Policy.,Part of Existing Sector Document (Agriculture/Fisheries),http://faolex.fao.org/docs/pdf/bgd149571.pdf,http://faolex.fao.org/docs/pdf/bgd149571.pdf,,,,
bangladesh,Medium Term Strategy and Business Plan of the Ministry of Agriculture.,Part of Existing Sector Document (Agriculture/Fisheries),http://faolex.fao.org/docs/pdf/bgd150741.pdf,http://faolex.fao.org/docs/pdf/bgd150741.pdf,,,,
bangladesh,National Aquaculture Development Strategy and Action Plan of Bangladesh 2013-2020.,Part of Existing Sector Document (Agriculture/Fisheries),http://faolex.fao.org/docs/pdf/bgd169471.pdf,http://faolex.fao.org/docs/pdf/bgd169471.pdf,,,,
bangladesh,"Inland Capture Fisheries Sub-Strategy, 2006.",Part of Existing Sector Document (Agriculture/Fisheries),http://faolex.fao.org/docs/pdf/bgd184948.pdf,http://faolex.fao.org/docs/pdf/bgd184948.pdf,,,,
bangladesh,National Livestock Extension Policy.,Part of Existing Sector Document (Agriculture/Fisheries),http://faolex.fao.org/docs/pdf/bgd190190.pdf,http://faolex.fao.org/docs/pdf/bgd190190.pdf,,,,
bangladesh,Bangladesh Strategic Plan on Agricultural and Rural Statistics (2016-2030).,Part of Existing Sector Document (Agriculture/Fisheries),http://faolex.fao.org/docs/pdf/bgd191140.pdf,http://faolex.fao.org/docs/pdf/bgd191140.pdf,,,,
bangladesh,"Aquaculture Sub-strategy, 2006.",Part of Existing Sector Document (Agriculture/Fisheries),http://faolex.fao.org/docs/pdf/bgd184881.pdf,http://faolex.fao.org/docs/pdf/bgd184881.pdf,,,,
bangladesh,Digital Bangladesh: Bangladesh's Vision 2021,Part of National ICT/Digital Document,https://a2i.gov.bd/wp-content/uploads/2017/11/4-Strategy_Digital_Bangladesh_2011.pdf,https://a2i.gov.bd/wp-content/uploads/2017/11/4-Strategy_Digital_Bangladesh_2011.pdf,,,,
bangladesh,E Government Master plan for Bangladesh,Part of National ICT/Digital Document,https://bcc.portal.gov.bd/sites/default/files/files/bcc.portal.gov.bd/page/ecbb5603_1eac_4bf0_99fe_628e9980c279/e-Government Masterplan for Digital Bangladesh_V6.0 (2).pdf,https://bcc.portal.gov.bd/sites/default/files/files/bcc.portal.gov.bd/page/ecbb5603_1eac_4bf0_99fe_628e9980c279/e-Government Masterplan for Digital Bangladesh_V6.0 (2).pdf,,,,
bangladesh,E Commerce Policy Framework for Bangladesh,Part of National ICT/Digital Document,E Commerce Policy Framework for Bangladesh | The Commonwealth Connectivity Agenda Repository of Digital Policies and Regulations,https://tradecca.thecommonwealth.org/document/e-commerce-policy-framework-for-bangladesh,,,,
bangladesh,Digital Security Act,Part of National ICT/Digital Document,Microsoft Word - 3614-Notification (cirt.gov.bd),https://www.cirt.gov.bd/wp-content/uploads/2020/02/Digital-Security-Act-2020.pdf,,,,
bangladesh,National ICT Policy Bangledesh,Part of National ICT/Digital Document,Bangladesh Government Policy,https://policy.gov.bd/policy/ict-division?lang=en,,,,
barbados,"National Policy Framework for the Development of Micro, Small and Medium-Sized Enterprises.",Part of Existing Sector Document (Other),http://faolex.fao.org/docs/pdf/bar183755.pdf,http://faolex.fao.org/docs/pdf/bar183755.pdf,,,,
barbados,Electronic Transactions Act,Part of National ICT/Digital Document,Cap308B (oas.org),http://ctrc.sice.oas.org/investment/NatLeg/Bar/Elect_act.pdf,,,,
barbados,Data Protection Act,Part of National ICT/Digital Document,"Data Protection Act, 2019 | GIS (gisbarbados.gov.bb)",https://gisbarbados.gov.bb/download/data-protection-act-2019/,,,,
barbados,National Agriculture Policy 2013,Part of Existing Sector Document (Agriculture/Fisheries),http://www.sice.oas.org/SME_CH/BRB/Policy_Paper_Agriculture_2013_e.pdf,http://www.sice.oas.org/SME_CH/BRB/Policy_Paper_Agriculture_2013_e.pdf,,,,
barbados,Telecommunications Act,Part of National ICT/Digital Document,Telecommunications Act (oas.org),http://www.sice.oas.org/compol/natleg/Barbados/telecommunications_act_cap282b.pdf,,,,
belize,National Agriculture and Food Policy of Belize 2015 - 2030.,Part of Existing Sector Document (Agriculture/Fisheries),http://faolex.fao.org/docs/pdf/blz203926.pdf,http://faolex.fao.org/docs/pdf/blz203926.pdf,,,,
belize,ICT National Strategy,Part of National ICT/Digital Document,Beliz2011.pdf (lincompany.kz),http://lincompany.kz/pdf/Africa/Beliz2011.pdf,,,,
belize,National E-Government Policy 2015-2018,Part of National ICT/Digital Document,https://cito.gov.bz/wp-content/uploads/2020/11/BelizeNatleGovPolicy2015.pdf,https://cito.gov.bz/wp-content/uploads/2020/11/BelizeNatleGovPolicy2015.pdf,,,,
belize,Electronic Transactions Act,Part of National ICT/Digital Document,Electronic Transactions Act (centralbank.org.bz),https://www.centralbank.org.bz/docs/default-source/2.10-national-payment-system-act/cap-229-03-electronic-transactions-act.pdf?sfvrsn=2,,,,
belize,National Digital Agenda 2021:“Towards a Digital Belize’,Part of National ICT/Digital Document,,#VALUE!,,,,
belize,"Belize National Fisheries Policy, Strategy and Action Plan 2019 .",Part of Existing Sector Document (Agriculture/Fisheries),,#VALUE!,,,,
belize,Belize Open Government Action Plan,Part of National ICT/Digital Document,Open_Government_Belize_National_Action_Plan.pdf (thetrustfortheamericas.org),https://www.thetrustfortheamericas.org/media/events/attachments/Open_Government_Belize_National_Action_Plan.pdf,,,,
botswana,Cybercrime and Computer Related Crimes Act,Part of National ICT/Digital Document,Cybercrime and computer related Crimes Act 2018 | Botswana Communications Regulatory Authority (bocra.org.bw),https://www.bocra.org.bw/cybercrime-and-computer-related-crimes-act-2018,,,,
botswana,National Broadband Strategy,Part of National ICT/Digital Document,National Broadband Strategy | Botswana Communications Regulatory Authority (bocra.org.bw),https://www.bocra.org.bw/national-broadband-strategy,,,,
botswana,Electronic Communications and Transactions Act,Part of National ICT/Digital Document,Electronic Communications and Transactions Act 2014 | Botswana Communications Regulatory Authority (bocra.org.bw),https://www.bocra.org.bw/electronic-communications-and-transactions-act-2014,,,,
botswana,Data Protection Act,Part of National ICT/Digital Document,https://www.bocra.org.bw/sites/default/files/documents/DataProtectionAct.pdf,https://www.bocra.org.bw/sites/default/files/documents/DataProtectionAct.pdf,,,,
brunei darussalam,Data Protection Policy,Part of National ICT/Digital Document,Data Protection Policy.pdf (egnc.gov.bn),http://egnc.gov.bn/Shared Documents/EGNC Policies/Data Protection Policy.pdf,,,,
brunei darussalam,Computer Misuse Act,Part of National ICT/Digital Document,Computer Misuse.fm (agc.gov.bn),https://www.agc.gov.bn/AGC Images/LOB/PDF/Computer Misuse.pdf,,,,
brunei darussalam,Electronic Transactions Act,Part of National ICT/Digital Document,https://www.agc.gov.bn/AGC Images/LOB/PDF/Electronic Transactions (chp.196).pdf,https://www.agc.gov.bn/AGC Images/LOB/PDF/Electronic Transactions (chp.196).pdf,,,,
brunei darussalam,Digital Government Strategy 2015-2020,Part of National ICT/Digital Document,Digital Government Strategy (digitalstrategy.gov.bn),http://www.digitalstrategy.gov.bn/Themed/index.aspx,,,,
brunei darussalam,Digital Payment Roadmap for Brunei Darussalam 2019-2025 (the Roadmap),Part of National ICT/Digital Document,Brunei Darussalam: Digital Payment Roadmap 2019–2025 - IslamicMarkets.com,https://islamicmarkets.com/publications/brunei-darussalam-digital-payment-roadmap-2019-2025,,,,
brunei darussalam,Digital Economy Masterplan 2025,Part of National ICT/Digital Document,Digital Economy 2025 Masterplan | Brunei's No.1 News Website (brudirect.com),https://www.brudirect.com/news.php?id=94722,,,,
cameroon,Law No. 2010/012 on Cybersecurity and Cybercrime,Part of National ICT/Digital Document,https://fakoamerica.typepad.com/files/law_relating_to_cybersecurity_and_cybercriminality-1.pdf,https://fakoamerica.typepad.com/files/law_relating_to_cybersecurity_and_cybercriminality-1.pdf,,,,
cameroon,Law No. 2010/013 Governing Electronic Communications,Part of National ICT/Digital Document,Law No. 2010/013 of 21 December 2010 governing electronic communications in Cameroon (minpostel.gov.cm),https://www.minpostel.gov.cm/index.php/en/les-textes/telecoms-tic/lois-telecoms-tic/229-law-no-2010-013-of-21-december-2010-governing-electronic-communications-in-cameroon,,,,
cameroon,CAMEROON' NEW AGRICULTURE POLICY,Part of Existing Sector Document (Agriculture/Fisheries),,#VALUE!,,,,
canada,National Cyber Security Strategy,Part of National ICT/Digital Document,National Cyber Security Strategy: Canada's Vision for Security and Prosperity in the Digital Age (publicsafety.gc.ca),https://www.publicsafety.gc.ca/cnt/rsrcs/pblctns/ntnl-cbr-scrt-strtg/index-en.aspx,,,,
canada,Personal Information and Electronic Documents Act,Part of National ICT/Digital Document,Personal Information Protection and Electronic Documents Act (justice.gc.ca),https://laws-lois.justice.gc.ca/ENG/ACTS/P-8.6/FullText.html,,,,
canada,Pan Canadian Artificial Intelligence Strategy,Part of National ICT/Digital Document,Pan-Canadian AI Strategy - CIFAR,https://cifar.ca/ai/,,,,
canada,Digital Canada 150,Part of National ICT/Digital Document,Digital Canada 150 - [PDF Document] (vdocument.in),https://vdocument.in/digital-canada-150.html,,,,
cyprus,Cybersecurity Strategy of the Republic of Cyprus,Part of National ICT/Digital Document,?????????? ???????????????? ??? ????????? ??????????? (europa.eu),https://www.enisa.europa.eu/topics/national-cyber-security-strategies/ncss-map/CybersecurityStrategyoftheRepublicofCyprusv10_English.pdf,,,,
cyprus,Digital Strategy for Cyprus,Part of National ICT/Digital Document,04Digital Strategy for Cyprus_Executive summary.pdf (dmrid.gov.cy),https://dec.dmrid.gov.cy/dmrid/dec/ws_dec.nsf/68E7913001B3FC41C2258570003FE06E/$file/04Digital Strategy for Cyprus_Executive summary.pdf,,,,
cyprus,Digital Cyprus 2025,Part of National ICT/Digital Document,https://www.dmrid.gov.cy/dmrid/research.nsf/all/927EA351714F99EDC22587CE0028C090/$file/Digital%20Strategy%202020-2025.pdf?openelement,https://www.dmrid.gov.cy/dmrid/research.nsf/all/927EA351714F99EDC22587CE0028C090/$file/Digital Strategy 2020-2025.pdf?openelement,,,,
cyprus,Innovate Cyprus - CYRI - Strategy,Part of National ICT/Digital Document,Innovate-Cyprus-CYRI-Strategy-Framework-2019-2023-NBRI-May-2019.pdf (dmrid.gov.cy),https://www.dmrid.gov.cy/dmrid/research.nsf/all/927EA351714F99EDC22587CE0028C090/$file/Innovate-Cyprus-CYRI-Strategy-Framework-2019-2023-NBRI-May-2019.pdf?openelement,,,,
dominica,Information Technology Strategic Plan,Part of National ICT/Digital Document,https://unstats.un.org/unsd/dnss/docViewer.aspx?docID=2241,https://unstats.un.org/unsd/dnss/docViewer.aspx?docID=2241,,,,
dominica,Electronic Evidence Act,Part of National ICT/Digital Document,Untitled-2 (oas.org),http://cicad.oas.org/fortalecimiento_institucional/legislations/PDF/DM/electronic_evidence_act.pdf,,,,
fiji,Draft Self Regulating Guideline: E-Commerce Business in Fiji,Part of National ICT/Digital Document,E-Commerce-SRG-draft-and-Ammended-copy.pdf (fccc.gov.fj),https://fccc.gov.fj/wp-content/uploads/2017/08/E-Commerce-SRG-draft-and-Ammended-copy.pdf,,,,
fiji,digitalFiji,Part of National ICT/Digital Document,,#VALUE!,,,,
fiji,Agriculture Sector Policy,Part of Existing Sector Document (Agriculture/Fisheries),https://www.agriculture.gov.fj/documents/fiji-2020-agriculture-sector-policy-agenda.pdf,https://www.agriculture.gov.fj/documents/fiji-2020-agriculture-sector-policy-agenda.pdf,,,,
fiji,National Fisheries Policy,Part of Existing Sector Document (Agriculture/Fisheries),http://www.fisheries.gov.fj/images/National_Fisheries_Policy_draft_June_2020.pdf,http://www.fisheries.gov.fj/images/National_Fisheries_Policy_draft_June_2020.pdf,,,,
eswatini,National Information and Infrastructure and Communication Policy (Implementation Plan 2012-2016),Part of National ICT/Digital Document,National Information and Communication Infrastructure Policy (ellipsis.co.za),https://www.ellipsis.co.za/wp-content/uploads/2016/07/Swaziland.pdf,,,,
eswatini,Draft Computer and Cyber Crime Bill,Part of National ICT/Digital Document,https://tradecca.thecommonwealth.org/document/draft-computer-and-cyber-crime-bill,https://tradecca.thecommonwealth.org/document/draft-computer-and-cyber-crime-bill,,,,
eswatini,E-Government Strategy for Swaziland 2013-2017,Part of National ICT/Digital Document,E-Government Strategy for Swaziland 2013-2017 | The Commonwealth Connectivity Agenda Repository of Digital Policies and Regulations,https://tradecca.thecommonwealth.org/document/e-government-strategy-for-swaziland-2013-2017,,,,
eswatini,Ministry of Agriculture Strategic Plan,Part of Existing Sector Document (Agriculture/Fisheries),ministry of agriculture strategic plan (2018- 2023) (dairyboard.co.sz),http://www.dairyboard.co.sz/images/MOA STRATEGIC PLAN_WP_2020.pdf,,,,
eswatini,Strategic Plan for Agriculture and Rural Statistics (2019-2023),Part of Existing Sector Document (Agriculture/Fisheries),https://www.afdb.org/en/documents/lesotho-strategic-plan-agriculture-rural-statistics-2019/20-2023/24,https://www.afdb.org/en/documents/lesotho-strategic-plan-agriculture-rural-statistics-2019/20-2023/24,,,,
gambia,Trade Policy 2018-2022,Part of Existing Sector Document (Other),http://faolex.fao.org/docs/pdf/gam201713.pdf,http://faolex.fao.org/docs/pdf/gam201713.pdf,,,,
gambia,Fisheries and Aquaculture Policy of The Gambi,Part of Existing Sector Document (Agriculture/Fisheries),https://www.mofwr.gm/downloads-file/c165ec84-c1ad-11e9-b2ca-02e599c15748,https://www.mofwr.gm/downloads-file/c165ec84-c1ad-11e9-b2ca-02e599c15748,,,,
gambia,E-Government Strategy 2021-2024,Part of National ICT/Digital Document,"E-Government
Strategy 2021-2024",https://moici.gov.gm/sites/default/files/2021-05/E-GOVERNMENT STRATEGY.pdf,,,,
gambia,Information and Communications Act 2009,Part of National ICT/Digital Document,https://wipolex.wipo.int/en/text/238414,https://wipolex.wipo.int/en/text/238414,,,,
gambia,ICT for Accelerated Development (ICT4D) Policy 2018-2028,Part of National ICT/Digital Document,"ICT
for Accelerated Development (ICT4D) Policy 2018-2028",https://moc.gov.gh/sites/default/files/downloads/Ghana-ICTAD Policy-Master-final-2.pdf,,,,
gambia,Agriculture and Natural Resources (ANR) Policy (2009 -2015),Part of Existing Sector Document (Agriculture/Fisheries),http://faolex.fao.org/docs/pdf/gam170352.pdf,http://faolex.fao.org/docs/pdf/gam170352.pdf,,,,
ghana,Food and Agriculture Sector Development Policy (FASDEP II).,Part of Existing Sector Document (Agriculture/Fisheries),http://faolex.fao.org/docs/pdf/gha144957.pdf,http://faolex.fao.org/docs/pdf/gha144957.pdf,,,,
ghana,Gender and Agriculture Development Strategy II (GADS II).,Part of Existing Sector Document (Agriculture/Fisheries),http://faolex.fao.org/docs/pdf/gha191457.pdf,http://faolex.fao.org/docs/pdf/gha191457.pdf,,,,
ghana,Coordinated Programme of Economic and Social Development Policies (2017-2024).,Part of Existing Sector Document (Other),http://faolex.fao.org/docs/pdf/gha174137.pdf,http://faolex.fao.org/docs/pdf/gha174137.pdf,,,,
ghana,Investing For Food And Jobs (IFJ): An Agenda For Transforming Ghanas Agriculture (2018-2021).,Part of Existing Sector Document (Agriculture/Fisheries),http://faolex.fao.org/docs/pdf/gha204631.pdf,http://faolex.fao.org/docs/pdf/gha204631.pdf,,,,
ghana,National Cyber Security Policy and Strategy,Part of National ICT/Digital Document,Microsoft Word - National Cyber Security Policy & Strategy Revised_23_07_15 (itu.int),https://www.itu.int/en/ITU-D/Cybersecurity/Documents/Country_Profiles/National-Cyber-Security-Policy-Strategy-Revised_23_07_15.pdf,,,,
ghana,Data Protection Act,Part of National ICT/Digital Document,The Data Protection Act 2012,https://dataprotection.org.gh/data-protection/data-protection-acts-2012,,,,
ghana,2015 Fisheries Management Plan of Ghan,Part of Existing Sector Document (Agriculture/Fisheries),https://mofad.gov.gh/wp-content/uploads/2016/07/FISHERIES-MANAGEMENT-PLAN-OF-GHANA.pdf,https://mofad.gov.gh/wp-content/uploads/2016/07/FISHERIES-MANAGEMENT-PLAN-OF-GHANA.pdf,,,,
ghana,Electronic Transactions Act,Part of National ICT/Digital Document,"Microsoft Word - ELECTRONIC TRANSACTIONS ACT, 2008 (ACT 772).docx (bcp.gov.gh)","https://bcp.gov.gh/acc/registry/docs/ELECTRONIC TRANSACTIONS ACT, 2008 (ACT 772).pdf",,,,
grenada,Information and Communication Technology (ICT): A Strategy and Action Plan for Grenada,Part of National ICT/Digital Document,ICT Strategy and Action Plan 2001/2005 - Grenada (oas.org),http://ctrc.sice.oas.org/TRC/Articles/Grenada/ITC.pdf,,,,
grenada,Electronic Transactions Act,Part of National ICT/Digital Document,http://www.gov.gd/sites/hop/files/Acts-SROs/2013/Act%20No.%2021%20of%202013%20Electronic%20Transactions.pdf,http://www.gov.gd/sites/hop/files/Acts-SROs/2013/Act No. 21 of 2013 Electronic Transactions.pdf,,,,
grenada,Grenada National Agriculture Plan,Part of Existing Sector Document (Agriculture/Fisheries),https://climatefinance.gov.gd/embedded-pdf/grenada-national-agriculture-plan-2015/,https://climatefinance.gov.gd/embedded-pdf/grenada-national-agriculture-plan-2015/,,,,
grenada,Electronic Crimes Bill,Part of National ICT/Digital Document,Act 23 of 2013 Electronic Crimes Bill.indd (grenadaparliament.gd),https://grenadaparliament.gd/wp-content/uploads/2021/08/Act-No.-23-of-2013-Electronic-Crimes-Act.pdf,,,,
guyana,National Strategy for Agriculture in Guyana 2013-2020.,Part of Existing Sector Document (Agriculture/Fisheries),http://faolex.fao.org/docs/pdf/guy165953.pdf,http://faolex.fao.org/docs/pdf/guy165953.pdf,,,,
guyana,E Guyana 2011,Part of National ICT/Digital Document,,#VALUE!,,,,
guyana,ICT4D Guyana National Strategy,Part of National ICT/Digital Document,ICT4D Guyana National Strategy - Final Draft (ndma.gov.gy),https://ndma.gov.gy/wp-content/uploads/2018/05/ict4d-guyana.pdf,,,,
guyana,Cybercrime Bill,Part of National ICT/Digital Document,cyber-crime-act-2018 | Parliament of Guyana,https://parliament.gov.gy/publications/acts-of-parliament/cyber-crime-act-2018,,,,
guyana,Electronic Communications and Transactions Bill,Part of National ICT/Digital Document,https://www.business.gov.gy/wp-content/uploads/2020/10/LDC-Electronic-Communications-and-Transactions-Bill-2019.pdf,https://www.business.gov.gy/wp-content/uploads/2020/10/LDC-Electronic-Communications-and-Transactions-Bill-2019.pdf,,,,
guyana,Draft E-Commerce Bill,Part of National ICT/Digital Document,,#VALUE!,,,,
india,Tamil Nadu Biotechnology Policy 2014.,Part of Existing Sector Document (Agriculture/Fisheries),http://faolex.fao.org/docs/pdf/ind194101.pdf,http://faolex.fao.org/docs/pdf/ind194101.pdf,,,,
india,National Policy on Marine Fisheries 2017.,Part of Existing Sector Document (Agriculture/Fisheries),http://faolex.fao.org/docs/pdf/ind177473.pdf,http://faolex.fao.org/docs/pdf/ind177473.pdf,,,,
india,National Digital Communications Policy,Part of National ICT/Digital Document,Draft-NDCP-2018.pdf (mygov.in),https://innovate.mygov.in/wp-content/uploads/2018/05/Draft-NDCP-2018.pdf,,,,
india,India’s National Agriculture Policy Vision 2020,Part of Existing Sector Document (Agriculture/Fisheries),"http://www.indiagri.in/admin/uploadpdf/991840Agrculture_Policy,_Vision_2020.pdf","http://www.indiagri.in/admin/uploadpdf/991840Agrculture_Policy,_Vision_2020.pdf",,,,
india,National Cyber Security Policy,Part of National ICT/Digital Document,National Cyber Security Policy (1).pdf (meity.gov.in),https://www.meity.gov.in/sites/upload_files/dit/files/National Cyber Security Policy %281%29.pdf,,,,
india,National Policy on Information Technology,Part of National ICT/Digital Document,https://www.meity.gov.in/writereaddata/files/National_20IT_20Policyt%20_20.pdf,https://www.meity.gov.in/writereaddata/files/National_20IT_20Policyt _20.pdf,,,,
india,India Personal Data Protection Bill,Part of National ICT/Digital Document,"Personal_Data_Protection_Bill,2018.pdf (meity.gov.in)","https://www.meity.gov.in/writereaddata/files/Personal_Data_Protection_Bill,2018.pdf",,,,
india,National Optical Fibre Network Project,Part of National ICT/Digital Document,,#VALUE!,,,,
india,National Strategy for Artificial Intelligence,Part of National ICT/Digital Document,"https://www.niti.gov.in/sites/default/files/2021-02/Responsible-AI-22022021.pdf#:~:text=In India%2C the National Strategy on Artificial Intelligence,economic returns that are brought by this technology.",https://www.niti.gov.in/sites/default/files/2021-02/Responsible-AI-22022021.pdf,,,,
india,National Inland Fisheries and Aquaculture Policy,Part of Existing Sector Document (Agriculture/Fisheries),Draft National Inland Fisheries & Aquaculture Policy (NIFAP).pdf (nfdb.gov.in),https://nfdb.gov.in/PDF/Draft National Inland Fisheries & Aquaculture Policy (NIFAP).pdf,,,,
india,National Fisheries Policy 2020,Part of Existing Sector Document (Agriculture/Fisheries),National_Fisheries_Policy_2020.pdf (nfdb.gov.in),https://nfdb.gov.in/PDF/National_Fisheries_Policy_2020.pdf,,,,
jamaica,Ministry of Agriculture and Fisheries Business Plan.,Part of Existing Sector Document (Agriculture/Fisheries),https://www.moa.gov.jm/sites/default/files/pdfs/MoAF_Strategic_Business%20Plan_2025.pdf,https://www.moa.gov.jm/sites/default/files/pdfs/MoAF_Strategic_Business Plan_2025.pdf,,,,
jamaica,Draft Fisheries Policy 2008,Part of Existing Sector Document (Agriculture/Fisheries),https://www.moa.gov.jm/sites/default/files/pdfs/DRAFT%20FISHERIES%20POLICY%202008.pdf,https://www.moa.gov.jm/sites/default/files/pdfs/DRAFT FISHERIES POLICY 2008.pdf,,,,
jamaica,Final Draft Agriculture Sector Plan,Part of Existing Sector Document (Agriculture/Fisheries),http://lslandr.com/vision2030/wp-content/uploads/sites/4/2020/12/Microsoft-Word-Vision-2030-Jamaica-Final-Draft-Agriculture-Sector-Plan-%E2%80%A6.pdf,http://lslandr.com/vision2030/wp-content/uploads/sites/4/2020/12/Microsoft-Word-Vision-2030-Jamaica-Final-Draft-Agriculture-Sector-Plan-%E2%80%A6.pdf,,,,
jamaica,Youth In Agriculture Policy and Implementation Plan.,Part of Existing Sector Document (Agriculture/Fisheries),http://faolex.fao.org/docs/pdf/jam177514.pdf,http://faolex.fao.org/docs/pdf/jam177514.pdf,,,,
jamaica,E-Powering Jamaica Master Implementation Plan,Part of National ICT/Digital Document,https://planipolis.iiep.unesco.org/en/2009/draft-master-implementation-plan-e-powering-jamaica-2012-national-ict-strategy-2007-2012-4800,https://planipolis.iiep.unesco.org/en/2009/draft-master-implementation-plan-e-powering-jamaica-2012-national-ict-strategy-2007-2012-4800,,,,
jamaica,Electronic Transactions Policy,Part of National ICT/Digital Document,Electronic Transactions pgs. 1-34.pdf (moj.gov.jm),https://moj.gov.jm/sites/default/files/laws/Electronic Transactions pgs. 1-34.pdf,,,,
jamaica,National Cyber Security Strategy,Part of National ICT/Digital Document,Jamaica-National-Cyber-Security-Strategy-2015.pdf (mset.gov.jm),https://www.mset.gov.jm/wp-content/uploads/2019/09/Jamaica-National-Cyber-Security-Strategy-2015.pdf,,,,
jamaica,"Electronic Transactions Act 

Electronic Transactions (Certification Service Providers Regulations)
",Part of National ICT/Digital Document,https://moj.gov.jm/sites/default/files/laws/Electronic%20Transactions%20pgs.%201-34.pdf,https://moj.gov.jm/sites/default/files/laws/Electronic Transactions pgs. 1-34.pdf,,,,
jamaica,Cybercrimes Act,Part of National ICT/Digital Document,Cybercrimes Act.pdf (moj.gov.jm),https://moj.gov.jm/sites/default/files/laws/Cybercrimes Act.pdf,,,,
jamaica,Information and Communications Technology Policy (ICT) Policy 2011,Part of National ICT/Digital Document,http://www.japarliament.gov.jm/attachments/596_Information%20and%20Communications%20Technology%20(ICT)%20Policy.pdf,http://www.japarliament.gov.jm/attachments/596_Information and Communications Technology (ICT) Policy.pdf,,,,
jamaica,Consumer Protection Act,Part of National ICT/Digital Document,Consumer Protection Act | Ministry of Justice - Government of Jamaica (moj.gov.jm),https://moj.gov.jm/laws/consumer-protection-act,,,,
kenya,Kenya Climate Smart Agriculture Implementation Framework.,Part of Existing Sector Document (Agriculture/Fisheries),http://faolex.fao.org/docs/pdf/ken189345.pdf,http://faolex.fao.org/docs/pdf/ken189345.pdf,,,,
kenya,Agricultural Sector Transformation and Growth Strategy (ASTGS).,Part of Existing Sector Document (Agriculture/Fisheries),http://faolex.fao.org/docs/pdf/ken189053.pdf,http://faolex.fao.org/docs/pdf/ken189053.pdf,,,,
kenya,"Strategic Plan 2018-2022 for the Ministry of Agriculture, Livestock, Fisheries and Co-operatives.",Part of Existing Sector Document (Agriculture/Fisheries),http://faolex.fao.org/docs/pdf/ken203437.pdf,http://faolex.fao.org/docs/pdf/ken203437.pdf,,,,
kenya,National Trade Policy,Part of Existing Sector Document (Other),http://faolex.fao.org/docs/pdf/ken147959.pdf,http://faolex.fao.org/docs/pdf/ken147959.pdf,,,,
kenya,Capacity Building Strategy for Agriculture Sector (2016-2021).,Part of Existing Sector Document (Agriculture/Fisheries),http://faolex.fao.org/docs/pdf/ken189996.pdf,http://faolex.fao.org/docs/pdf/ken189996.pdf,,,,
kenya,National Agricultural Research System Policy,Part of Existing Sector Document (Agriculture/Fisheries),http://faolex.fao.org/docs/pdf/ken147873.pdf,http://faolex.fao.org/docs/pdf/ken147873.pdf,,,,
kenya,Youth Agribusiness Strategy 2017-2021.,Part of Existing Sector Document (Agriculture/Fisheries),http://faolex.fao.org/docs/pdf/ken171450.pdf,http://faolex.fao.org/docs/pdf/ken171450.pdf,,,,
kenya,National Agriculture Investment Plan (NAIP) 2019-2024.,Part of Existing Sector Document (Agriculture/Fisheries),http://faolex.fao.org/docs/pdf/ken189052.pdf,#VALUE!,,,,
kenya,National Oceans and Fisheries Policy,Part of Existing Sector Document (Agriculture/Fisheries),http://faolex.fao.org/docs/pdf/ken147947.pdf,#VALUE!,,,,
kenya,Computer Misuse and Cybercrimes Act,Part of National ICT/Digital Document,http://www.parliament.go.ke/sites/default/files/2021-05/Computer%20Misuse%20and%20Cybercrimes%20%28Amendment%29%20Bill%2C%202021.pdf,http://www.parliament.go.ke/sites/default/files/2021-05/Computer Misuse and Cybercrimes %28Amendment%29 Bill%2C 2021.pdf,,,,
kenya,Data Protection Bill,Part of National ICT/Digital Document,http://parliament.go.ke/sites/default/files/2017-05/Data_Protection_Bill_2018.pdf,http://parliament.go.ke/sites/default/files/2017-05/Data_Protection_Bill_2018.pdf,,,,
kenya,Digital Economy Blueprint,Part of National ICT/Digital Document,Kenya-Digital-Economy-2019.pdf (ict.go.ke),https://www.ict.go.ke/wp-content/uploads/2019/05/Kenya-Digital-Economy-2019.pdf,,,,
kiribati,Digital Government Master Plan 2021,Part of National ICT/Digital Document,https://mict.gov.ki/publications/digital-government-master-plan,https://mict.gov.ki/publications/digital-government-master-plan,,,,
kiribati,Kiribati National Cybersecurity Strategy 2020,Part of National ICT/Digital Document,https://mict.gov.ki/publications/kiribati-national-cybersecurity-strategy-2020,https://mict.gov.ki/publications/kiribati-national-cybersecurity-strategy-2020,,,,
kiribati,Cybercrime Act 2021,Part of National ICT/Digital Document,https://mict.gov.ki/publications/cybercrime-act-2021,https://mict.gov.ki/publications/cybercrime-act-2021,,,,
kiribati,Kiribati Agriculture Strategy 2020-2030,Part of Existing Sector Document (Agriculture/Fisheries),https://gggi.org/site/assets/uploads/2020/03/Kiribati-Agriculture-Strategy.pdf,https://gggi.org/site/assets/uploads/2020/03/Kiribati-Agriculture-Strategy.pdf,,,,
kiribati,Kiribati National Fisheries Policy 2013-2025,Part of Existing Sector Document (Agriculture/Fisheries),https://spccfpstore1.blob.core.windows.net/digitallibrary-docs/files/36/36e601d65fe7167675f1d800e08281bd.pdf?sv=2015-12-11&sr=b&sig=uxRIYrJ%2FBk7gdhwqZ9lb3nQemMy7Eh1QSUnRCgRzy0A%3D&se=2022-10-04T09%3A17%3A32Z&sp=r&rscc=public%2C%20max-age%3D864000%2C%20max-stale%3D86400&rsct=application%2Fpdf&rscd=inline%3B%20filename%3D%22Anon_12_Kiribati_National_Fisheries_Policy.pdf%22,https://spccfpstore1.blob.core.windows.net/digitallibrary-docs/files/36/36e601d65fe7167675f1d800e08281bd.pdf?sv=2015-12-11&sr=b&sig=uxRIYrJ%2FBk7gdhwqZ9lb3nQemMy7Eh1QSUnRCgRzy0A%3D&se=2022-10-04T09%3A17%3A32Z&sp=r&rscc=public%2C%20max-age%3D864000%2C%20max-stale%3D86400&rsct=application%2Fpdf&rscd=inline%3B%20filename%3D%22Anon_12_Kiribati_National_Fisheries_Policy.pdf%22,,,,
kiribati,National ICT Policy,Part of National ICT/Digital Document,"National ICT Policy 2019 | Ministry of Information, Communications & Transport (mict.gov.ki)",https://mict.gov.ki/publications/national-ict-policy-2019,,,,
lesotho,Lesotho Electronic Transactions and Electronic Commerce Bill,Part of National ICT/Digital Document,https://www.itu.int/ITU-D/projects/ITU_EC_ACP/hipssa/events/2013/Lesotho/Lesotho_E-transactions%20Bill%202nd%20DRAFT%20clean.docx,https://www.itu.int/ITU-D/projects/ITU_EC_ACP/hipssa/events/2013/Lesotho/Lesotho_E-transactions Bill 2nd DRAFT clean.docx,,,,
lesotho,ICT Policy for Lesotho,Part of National ICT/Digital Document,Lesotho ICT Policy – Government of Lesotho (www.gov.ls),https://www.gov.ls/documents/lesotho-ict-policy/,,,,
lesotho,Lesotho National Broadband Policy 2014-2018,Part of National ICT/Digital Document,LesothoDraft_NBP.pdf (ellipsis.co.za),https://www.ellipsis.co.za/wp-content/uploads/2016/07/LesothoDraft_NBP.pdf,,,,
malawi,National Fisheries and Aquaculture Policy (NFAP).,Part of Existing Sector Document (Agriculture/Fisheries),http://faolex.fao.org/docs/pdf/mlw190922.pdf,http://faolex.fao.org/docs/pdf/mlw190922.pdf,,,,
malawi,Electronic Transactions and Cyber security Act,Part of National ICT/Digital Document,https://macra.mw/download/electronic-transaction-and-cyber-security-act-2016/,https://macra.mw/download/electronic-transaction-and-cyber-security-act-2016/,,,,
malawi,National ICT Policy,Part of National ICT/Digital Document,"https://www.itu.int/en/ITU-D/Cybersecurity/Documents/National_Strategies_Repository/Malawi_2013_Malawi_ICT_Policy.pdf#:~:text=The%20National%20Information%20and%20Communications%20Technology%20Policy%20has,poverty%20through%20sustainable%20economic%20growth%20and%20infrastructure%20development.",https://www.itu.int/en/ITU-D/Cybersecurity/Documents/National_Strategies_Repository/Malawi_2013_Malawi_ICT_Policy.pdf,,,,
malawi,Digital Economy Strategy,Part of National ICT/Digital Document,https://www.scribd.com/document/516025365/Malawi-Digital-Economy-Strategy,https://www.scribd.com/document/516025365/Malawi-Digital-Economy-Strategy,,,,
malawi,National Broadband Strategy 2019-2023,Part of National ICT/Digital Document,https://api.pppc.mw/storage/164/national-Broadband-col.pdf,https://api.pppc.mw/storage/164/national-Broadband-col.pdf,,,,
malawi,Cybersecurity Strategy,Part of National ICT/Digital Document,https://www.itu.int/en/ITU-D/Cybersecurity/Documents/National_Strategies_Repository/00019_07_Malawi%20national-cybersecurity-strategy.pdf,https://www.itu.int/en/ITU-D/Cybersecurity/Documents/National_Strategies_Repository/00019_07_Malawi national-cybersecurity-strategy.pdf,,,,
malawi,Digital Government Strategy,Part of National ICT/Digital Document,https://api.pppc.mw/storage/161/DIGITAL-GOVERNMENT-STRATEGY-BOOK.pdf,https://api.pppc.mw/storage/161/DIGITAL-GOVERNMENT-STRATEGY-BOOK.pdf,,,,
malawi,Draft Data Protection Act,Part of National ICT/Digital Document,https://www.malawi.gov.mw/.../18-malawi-data-protection-bill,https://www.malawi.gov.mw/.../18-malawi-data-protection-bill,,,,
malawi,National Wireless Broadband Plan,Part of National ICT/Digital Document,,#VALUE!,,,,
malawi,National Agriculture Policy,Part of Existing Sector Document (Agriculture/Fisheries),https://cepa.rmportal.net/Library/government-publications/national-agriculture-policy-2016/view,https://cepa.rmportal.net/Library/government-publications/national-agriculture-policy-2016/view,,,,
malaysia,National Internet of Things Strategic Roadmap,Part of National ICT/Digital Document,http://www.mimos.my/iot/National_IoT_Strategic_Roadmap_Book.pdf,http://www.mimos.my/iot/National_IoT_Strategic_Roadmap_Book.pdf,,,,
malaysia,National Broadband Implementation Strategy (National Broadband Initiative),Part of National ICT/Digital Document,"https://www.mcmc.gov.my/en/sectors/broadband/national-broadband-initiative#:~:text=The%20National%20Broadband%20Implementation%20Strategy%20or%20better%20known,household%20broadband%20penetration%20by%20the%20end%20of%202010.",https://www.mcmc.gov.my/en/sectors/broadband/national-broadband-initiative,,,,
malaysia,National Fiberisation and Connectivity Plan (NFCP),Part of National ICT/Digital Document,"https://www.malaysianwireless.com/2019/08/nfcp-billion-malaysia-connectivity/#:~:text=The%20Malaysia%20Government%20approved%20the%20implementation%20of%20National,for%20all%20Malaysians%20in%20urban%20and%20rural%20areas.",https://www.malaysianwireless.com/2019/08/nfcp-billion-malaysia-connectivity/,,,,
malaysia,Public Sector ICT Strategy 2016-2020,Part of National ICT/Digital Document,"Public Sector ICT
Strategy 2016-2020",https://www.malaysia.gov.my/portal/content/130,,,,
malaysia,Digital Economy Blueprint,Part of National ICT/Digital Document,https://www.epu.gov.my/sites/default/files/2021-02/malaysia-digital-economy-blueprint.pdf,https://www.epu.gov.my/sites/default/files/2021-02/malaysia-digital-economy-blueprint.pdf,,,,
malaysia,National Agrofood Policy 2021-2030,Part of Existing Sector Document (Agriculture/Fisheries),"https://www.mafi.gov.my/documents/20182/361765/Executive+Summary+National+Agrofood+Policy+2021-2030+%28NAP+2.0%29-min.pdf/2320d744-0335-4d68-80bd-9f0e464f232a#:~:text=National%20Agrofood%20Policy%2C%202021%2D2030,prioritising%20food%20security%20and%20nutrition.",https://www.mafi.gov.my/documents/20182/361765/Executive+Summary+National+Agrofood+Policy+2021-2030+%28NAP+2.0%29-min.pdf/2320d744-0335-4d68-80bd-9f0e464f232a,,,,
malaysia,National e-Commerce Strategic Roadmap (NeSR) 2016 -2020,Part of National ICT/Digital Document,https://tradecca.thecommonwealth.org/document/national-e-commerce-strategic-roadmap-nesr-2016-2020,https://tradecca.thecommonwealth.org/document/national-e-commerce-strategic-roadmap-nesr-2016-2020,,,,
maldives,National Fisheries and Agricultural Policy 2019-2029,Part of Existing Sector Document (Agriculture/Fisheries),http://faolex.fao.org/docs/pdf/mdv205058.pdf,http://faolex.fao.org/docs/pdf/mdv205058.pdf,,,,
malta,National Agricultural Policy for the Maltese Islands.,Part of Existing Sector Document (Agriculture/Fisheries),http://faolex.fao.org/docs/pdf/mlt189509.pdf,http://faolex.fao.org/docs/pdf/mlt189509.pdf,,,,
malta,Digital Malta: National Digital Strategy 2014-2020,Part of National ICT/Digital Document,"https://www.mitla.org.mt/publications/digital-malta-vision/#:~:text=Digital%20Malta%3A%20National%20Digital%20Strategy%202014-2020%20The%20National,enablers%3A%20Regulation%20and%20Legislation%2C%20Infrastructure%20and%20Human%20Capital.",https://www.mitla.org.mt/publications/digital-malta-vision/,,,,
malta,Electronic Commerce Act,Part of National ICT/Digital Document,https://economy.gov.mt/en/legislations/mca/electronic%20commerce%20act%20%28chapter%20426%20laws%20of%20malta%29.pdf,https://economy.gov.mt/en/legislations/mca/electronic commerce act %28chapter 426 laws of malta%29.pdf,,,,
malta,Data Protection Act,Part of National ICT/Digital Document,https://maltacvs.org/wp-content/uploads/2019/05/Data-Protection-Act.pdf,https://maltacvs.org/wp-content/uploads/2019/05/Data-Protection-Act.pdf,,,,
mauritius,"Strategic Plan for the Food Crop, Livestock and Forestry Sectors (2016-2020).",Part of Existing Sector Document (Agriculture/Fisheries),http://faolex.fao.org/docs/pdf/mat159356.pdf,http://faolex.fao.org/docs/pdf/mat159356.pdf,,,,
mauritius,Electronic Transactions Act,Part of National ICT/Digital Document,"https://attorneygeneral.govmu.org/Documents/Laws%20of%20Mauritius/A-Z%20Acts/E/ELECTRONIC%20TRANSACTIONS%20ACT,%20No%2023%20of%202000.pdf","https://attorneygeneral.govmu.org/Documents/Laws of Mauritius/A-Z Acts/E/ELECTRONIC TRANSACTIONS ACT, No 23 of 2000.pdf",,,,
mauritius,National Broadband Policy 2012-2020 (NBP2012),Part of National ICT/Digital Document,http://ictexport.govmu.org/English//DOCUMENTS/NATIONALBROADBAND2012.PDF,http://ictexport.govmu.org/English/DOCUMENTS/NATIONALBROADBAND2012.PDF,,,,
mauritius,Digital Mauritius 2030 Strategic Plan,Part of National ICT/Digital Document,https://ncb.govmu.org/ncb/strategicplans/DigitalMauritius2030.pdf,https://ncb.govmu.org/ncb/strategicplans/DigitalMauritius2030.pdf,,,,
mauritius,Digital Government Transformation Strategy 2018-2022,Part of National ICT/Digital Document,https://cib.govmu.org/Documents/Reports/Digital%20Government%20Strategy%202018-2022.pdf,https://cib.govmu.org/Documents/Reports/Digital Government Strategy 2018-2022.pdf,,,,
mauritius,Cybercrime Strategy 2017-2019,Part of National ICT/Digital Document,https://ncb.govmu.org/ncb/strategicplans/CybercrimeStrategy2017-2019.pdf,https://ncb.govmu.org/ncb/strategicplans/CybercrimeStrategy2017-2019.pdf,,,,
mauritius,"The Data Protection Act, amended 2017",Part of National ICT/Digital Document,https://dataprotection.govmu.org/Pages/The%20Law/Data-Protection-Act-2017.aspx,https://dataprotection.govmu.org/Pages/The Law/Data-Protection-Act-2017.aspx,,,,
mauritius,The Computer Misuse and Cybercrime Act,Part of National ICT/Digital Document,https://president.govmu.org/Documents/Legislations/COMPUTER_MISUSE.pdf,https://president.govmu.org/Documents/Legislations/COMPUTER_MISUSE.pdf,,,,
mauritius,Mauritius Artificial Intelligence (AI) Strategy,Part of National ICT/Digital Document,https://cib.govmu.org/Documents/Strategies/Mauritius%20AI%20Strategy%20%287%29.pdf,https://cib.govmu.org/Documents/Strategies/Mauritius AI Strategy %287%29.pdf,,,,
mauritius,National Open Data Policy,Part of National ICT/Digital Document,https://mitci.govmu.org/Documents/Strategies/Mauritius%20Open%20Data%20Policy%20May%202017.pdf,https://mitci.govmu.org/Documents/Strategies/Mauritius Open Data Policy May 2017.pdf,,,,
mauritius,National Cyber Security Strategy 2014-2019,Part of National ICT/Digital Document,https://nsarchive.gwu.edu/sites/default/files/documents/5014252/Mauritian-Government-National-Cyber-Security.pdf,https://nsarchive.gwu.edu/sites/default/files/documents/5014252/Mauritian-Government-National-Cyber-Security.pdf,,,,
mauritius,"Information and Communication Technologies Act 2001, amended December 2018",Part of National ICT/Digital Document,https://en.unesco.org/creativity/sites/creativity/files/qpr/icta_act.pdf,https://en.unesco.org/creativity/sites/creativity/files/qpr/icta_act.pdf,,,,
mauritius,Mauritius e-Government Strategy 2013-2017,Part of National ICT/Digital Document,fistpage (govmu.org),https://cib.govmu.org/Documents/Reports/e-GovStrategyActionPlanV1.pdf,,,,
mauritius,National Open Source Software Strategy for the Republic of Mauritius,Part of National ICT/Digital Document,OpenSourceSoftwareStrategy.pdf (govmu.org),https://ncb.govmu.org/ncb/strategicplans/OpenSourceSoftwareStrategy.pdf,,,,
mozambique,Strategic Plan for the Development of the Agriculture Sector (PEDSA) 2011-2020,Part of Existing Sector Document (Agriculture/Fisheries),https://www.agricultura.gov.mz/wp-content/uploads/2018/01/PEDSA_2011_2020.pdf,https://www.agricultura.gov.mz/wp-content/uploads/2018/01/PEDSA_2011_2020.pdf,,,,
mozambique,National ICT Policy,Part of National ICT/Digital Document,https://www.portaldogoverno.gov.mz/por/content/download/1079/9176/version/1/file/Politica+de+informatica.pdf,https://www.portaldogoverno.gov.mz/por/content/download/1079/9176/version/1/file/Politica+de+informatica.pdf,,,,
mozambique,Electronic Transactions Act,Part of National ICT/Digital Document,https://moj.gov.jm/sites/default/files/laws/Electronic Transactions pgs. 1-34.pdf,https://moj.gov.jm/sites/default/files/laws/Electronic Transactions pgs. 1-34.pdf,,,,
mozambique,National ICT Implementation Strategy 2002 and 2006 - Digital Inclusion in Mozambique,Part of National ICT/Digital Document,https://www.portaldogoverno.gov.mz/por/content/download/1432/12117/version/1/file/Estrat%C3%A9gia+de+Implementa%C3%A7%C3%A3o+Pol%C3%ADtica+Inform%C3%A1tica.pdf,https://www.portaldogoverno.gov.mz/por/content/download/1432/12117/version/1/file/Estrat%C3%A9gia+de+Implementa%C3%A7%C3%A3o+Pol%C3%ADtica+Inform%C3%A1tica.pdf,,,,
namibia,"Ministry of Agriculture, Water & Forestry - Strategic Plan 2017/18-2021/22.",Part of Existing Sector Document (Agriculture/Fisheries),http://faolex.fao.org/docs/pdf/nam175554.pdf,http://faolex.fao.org/docs/pdf/nam175554.pdf,,,,
namibia,Namibian Agriculture Marketing and Trade Policy and Strategy.,Part of Existing Sector Document (Agriculture/Fisheries),http://faolex.fao.org/docs/pdf/nam188595.pdf,http://faolex.fao.org/docs/pdf/nam188595.pdf,,,,
namibia,Cybercrime Bill,Part of National ICT/Digital Document,,#VALUE!,,,,
namibia,Telecommunications Policy for the Republic of Namibia,Part of National ICT/Digital Document,Microsoft Word - NMICT - Telecommunications Policy 18 February 2009 v10.0 PA Final ICT#8 (researchictafrica.net),https://www.researchictafrica.net/countries/namibia/NMICT_Telecommunications_Policy_2009.pdf,,,,
namibia,Fisheries Policy,Part of Existing Sector Document (Agriculture/Fisheries),https://wikileaks.org/fishrot/database/raw_data/lg_pdf_view/8a47e6e5548493cb37cd0553a89e73ad.pdf,https://wikileaks.org/fishrot/database/raw_data/lg_pdf_view/8a47e6e5548493cb37cd0553a89e73ad.pdf,,,,
namibia,National Broadcasting POlicy,Part of National ICT/Digital Document,https://kipdf.com/queue/broadcasting-policy-for-the-republic-of-namibia_5b3038e4097c47a3308b464d.html,https://kipdf.com/queue/broadcasting-policy-for-the-republic-of-namibia_5b3038e4097c47a3308b464d.html,,,,
namibia,National ICT Policy 2008,Part of National ICT/Digital Document,https://www.researchictafrica.net/countries/namibia/NMICT_IT_Policy_2008.pdf,https://www.researchictafrica.net/countries/namibia/NMICT_IT_Policy_2008.pdf,,,,
namibia,Electronic Transactions and Communications Bill,Part of National ICT/Digital Document,Electronic Transactions Act 4 of 2019 (lac.org.na),https://www.lac.org.na/laws/annoSTAT/Electronic Transactions Act 4 of 2019.pdf,,,,
nauru,Cybercrime Act 2015,Part of National ICT/Digital Document,"ronlaw.gov.nr/nauru_lpms/files/acts/a59d9691f5a195412b877493a2a95e8b.pdf#:~:text=CYBERCRIME ACT 2015 No. 14 of 2015 An,offences in Nauru and for other related purposes.",http://ronlaw.gov.nr/nauru_lpms/files/acts/a59d9691f5a195412b877493a2a95e8b.pdf,,,,
nauru,Nauru ICT Policy,Part of National ICT/Digital Document,,#VALUE!,,,,
nauru,Nauru Fisheries and Marine Resources Authority (NFMRA) Corporate Plan 2015-2020,Part of Existing Sector Document (Agriculture/Fisheries),https://www.spc.int/CoastalFisheries/CFM/Document/ShowDocument/39486ba4-1e4d-4ade-90bc-0773451b4a24?attachment=False,https://www.spc.int/CoastalFisheries/CFM/Document/ShowDocument/39486ba4-1e4d-4ade-90bc-0773451b4a24?attachment=False,,,,
new zealand,The Digital Strategy: Creating our Digital Future,Part of National ICT/Digital Document,The digital strategy [electronic reso... | Items | National Library of New Zealand | National Library of New Zealand (natlib.govt.nz),https://natlib.govt.nz/records/21218396?search%5Bpath%5D=items&search%5Btext%5D=The+national+digital+strategy+%3A+creating+our+digital+future,,,,
new zealand,Government ICT Strategy 2015,Part of National ICT/Digital Document,"https://snapshot.ict.govt.nz/resources/digital-ict-archive/static/localhost_8000/strategy-and-action-plan/strategy/index.html#:~:text=The%20Government%20ICT%20Strategy%20was,work%20programme%20in%20June%202016.",https://snapshot.ict.govt.nz/resources/digital-ict-archive/static/localhost_8000/strategy-and-action-plan/strategy/index.html,,,,
new zealand,New Zealand's Cyber Security Strategy,Part of National ICT/Digital Document,"https://www.itu.int/en/ITU-D/Cybersecurity/Documents/National_Strategies_Repository/NewZealand_2011_nz-cyber-security-strategy-june-2011_0.pdf#:~:text=New%20Zealand%E2%80%99s%20Cyber%20Security%20Strategy%20is%20the%20Government%E2%80%99s,for%20individuals%2C%20businesses%2C%20critical%20national%20infrastructure%20and%20government.",https://www.itu.int/en/ITU-D/Cybersecurity/Documents/National_Strategies_Repository/NewZealand_2011_nz-cyber-security-strategy-june-2011_0.pdf,,,,
new zealand,Building a Digital Nation,Part of National ICT/Digital Document,https://www.mbie.govt.nz/assets/247943bfa5/building-a-digital-nation-bga.pdf,https://www.mbie.govt.nz/assets/247943bfa5/building-a-digital-nation-bga.pdf,,,,
new zealand,Agritech Industry Transformation Plan 2020,Standalone,https://www.mbie.govt.nz/dmsdocument/11572-growing-innovative-industries-in-new-zealand-agritech-industry-transformation-plan-july-2020-pdf,https://www.mbie.govt.nz/dmsdocument/11572-growing-innovative-industries-in-new-zealand-agritech-industry-transformation-plan-july-2020-pdf,,,,
nigeria,Agriculture Promotion Policy (2016 - 2020).,Part of Existing Sector Document (Agriculture/Fisheries),http://faolex.fao.org/docs/pdf/nig165890.pdf,http://faolex.fao.org/docs/pdf/nig165890.pdf,,,,
nigeria,Agricultural Policy for Nigeria.,Part of Existing Sector Document (Agriculture/Fisheries),http://faolex.fao.org/docs/pdf/nig149296.pdf,http://faolex.fao.org/docs/pdf/nig149296.pdf,,,,
nigeria,Nigeria's National Broadband Plan 2013-2018,Part of National ICT/Digital Document,Nigeria’s National Broadband Plan 2013 - 2018 (slideshare.net),https://www.slideshare.net/eddodds/fmct-the-nigerian-national-broadband-plan-2013,,,,
nigeria,National Information and Communication Technology (ICT) Policy,Part of National ICT/Digital Document,http://a4ai.org/wp-content/uploads/2014/03/Approved_ICT_Policy-2012.pdf,http://a4ai.org/wp-content/uploads/2014/03/Approved_ICT_Policy-2012.pdf,,,,
nigeria,Cybercrime Act,Part of National ICT/Digital Document,Microsoft Word - Document1 (edojudiciary.gov.ng),https://edojudiciary.gov.ng/wp-content/uploads/2016/10/Cyber-Crime-Act-2015.pdf,,,,
nigeria,Electronic Transactions Bill,Part of National ICT/Digital Document,https://ictpolicyafrica.org/pt/document/c8obxbnei4q,https://ictpolicyafrica.org/pt/document/c8obxbnei4q,,,,
pakistan,National Broadband Programme 2007,Part of National ICT/Digital Document,,#VALUE!,,,,
pakistan,Prevention of Electronic Crimes Act,Part of National ICT/Digital Document,http://pklegal.org/pdf/Prevention-of-Electronic-Crimes-Ordinance-2007-(PECO2007).pdf,http://pklegal.org/pdf/Prevention-of-Electronic-Crimes-Ordinance-2007-(PECO2007).pdf,,,,
pakistan,Digital Pakistan Policy,Part of National ICT/Digital Document,http://moib.gov.pk/Downloads/Policy/DIGITAL_PAKISTAN_POLICY%2822-05-2018%29.pdf,http://moib.gov.pk/Downloads/Policy/DIGITAL_PAKISTAN_POLICY%2822-05-2018%29.pdf,,,,
pakistan,Information Technology Policy of Pakistan,Part of National ICT/Digital Document,,#VALUE!,,,,
pakistan,National Agriculture and Food Security Policy Pakistan,Part of Existing Sector Document (Agriculture/Fisheries),National Agriculture and Food Security in Pakistan (ips.org.pk),https://www.ips.org.pk/wp-content/uploads/2020/08/National-Agriculture-and-Food-Security-in-Pakistan.pdf,,,,
pakistan,National Policy and Strategy for Fisheries and Aquaculture Development in Pakistan 2007,Part of Existing Sector Document (Agriculture/Fisheries),http://extwprlegs1.fao.org/docs/pdf/pak150786.pdf,http://extwprlegs1.fao.org/docs/pdf/pak150786.pdf,,,,
papua new guinea,National Oceans Policy 2020 - 2030.,Part of Existing Sector Document (Agriculture/Fisheries),http://faolex.fao.org/docs/pdf/png205424.pdf,http://faolex.fao.org/docs/pdf/png205424.pdf,,,,
papua new guinea,National Information and Communications Technology (ICT) Policy,Part of National ICT/Digital Document,https://www.kch.com.pg/wp-content/uploads/2019/03/National-ICT-Policy-Aprill-2008.pdf,https://www.kch.com.pg/wp-content/uploads/2019/03/National-ICT-Policy-Aprill-2008.pdf,,,,
papua new guinea,National Broadband Policy,Part of National ICT/Digital Document,https://www.theprif.org/sites/default/files/2020-08/PNG%20NBB%20Policy%202013.pdf,https://www.theprif.org/sites/default/files/2020-08/PNG NBB Policy 2013.pdf,,,,
papua new guinea,Cybercrime Policy,Part of National ICT/Digital Document,https://sherloc.unodc.org/cld/lessons-learned/png/papua_new_guinea_cybercrime_policy.html,https://sherloc.unodc.org/cld/lessons-learned/png/papua_new_guinea_cybercrime_policy.html,,,,
papua new guinea,National Payments System Act,Part of National ICT/Digital Document,https://www.bankpng.gov.pg/wp-content/uploads/2015/07/NPSA-2013-as-enacted-and-certified.docx.pdf,https://www.bankpng.gov.pg/wp-content/uploads/2015/07/NPSA-2013-as-enacted-and-certified.docx.pdf,,,,
papua new guinea,Directive on Electronic Fund Transfers 02/2019,Part of National ICT/Digital Document,https://www.bankpng.gov.pg/wp-content/uploads/2019/04/Directive-on-Electronic-Funds-Transfer.pdf,https://www.bankpng.gov.pg/wp-content/uploads/2019/04/Directive-on-Electronic-Funds-Transfer.pdf,,,,
papua new guinea,"Papua New Guinea National Food Security Policy
2018-2027",Part of Existing Sector Document (Agriculture/Fisheries),http://www.agriculture.gov.pg/wp-content/uploads/2018/12/National-Food-Security-Policy-2017-2027.pdf,http://www.agriculture.gov.pg/wp-content/uploads/2018/12/National-Food-Security-Policy-2017-2027.pdf,,,,
rwanda,National Agricultural Extension Strategy,Part of Existing Sector Document (Agriculture/Fisheries),http://faolex.fao.org/docs/pdf/rwa149678.pdf,http://faolex.fao.org/docs/pdf/rwa149678.pdf,,,,
rwanda,Rwanda National Agricultural Policy.,Part of Existing Sector Document (Agriculture/Fisheries),http://faolex.fao.org/docs/pdf/rwa174291.pdf,http://faolex.fao.org/docs/pdf/rwa174291.pdf,,,,
rwanda,Strategic Plan for the Transformation of Agriculture in Rwanda Phase IV,Part of Existing Sector Document (Agriculture/Fisheries),https://www.minagri.gov.rw/fileadmin/user_upload/Minagri/Publications/Policies_and_strategies/PSTA4__Rwanda_Strategic_Plan_for_Agriculture_Transformation_2018.pdf,https://www.minagri.gov.rw/fileadmin/user_upload/Minagri/Publications/Policies_and_strategies/PSTA4__Rwanda_Strategic_Plan_for_Agriculture_Transformation_2018.pdf,,,,
rwanda,Cybercrime Bill,Part of National ICT/Digital Document,https://www.ilo.org/dyn/natlex/natlex4.detail?p_isn=105171,https://www.ilo.org/dyn/natlex/natlex4.detail?p_isn=105171,,,,
rwanda,SMART Rwanda Master plan 2015-2020,Part of National ICT/Digital Document,Welcome to Igihe document - SMART Rwanda Master Plan 2015 2020,https://docs.igihe.com/spip.php?page=doc-open&id_article=244,,,,
rwanda,Rwanda Law No. 18/2010 (E-Signatures & Transactions),Part of National ICT/Digital Document,WIPO Lex,https://wipolex.wipo.int/en/text/243157,,,,
saint kitts and nevis,St. Kitts Agricultural Development Strategy (ADS) (2013-2016),Part of Existing Sector Document (Agriculture/Fisheries),http://extwprlegs1.fao.org/docs/pdf/stk141099.pdf,http://extwprlegs1.fao.org/docs/pdf/stk141099.pdf,,,,
saint kitts and nevis,National ICT Strategic Plan,Part of National ICT/Digital Document,https://unstats.un.org/unsd/dnss/docViewer.aspx?docID=2297,https://unstats.un.org/unsd/dnss/docViewer.aspx?docID=2297,,,,
saint lucia,National Agricultural Policy 2009-2015.,Part of Existing Sector Document (Agriculture/Fisheries),http://faolex.fao.org/docs/pdf/stl146715.pdf,http://faolex.fao.org/docs/pdf/stl146715.pdf,,,,
saint lucia,Information and Communication Technology (ICT) Sector Strategy & Action Plan,Part of National ICT/Digital Document,ICT_Action_Plan_LCA_e.pdf (oas.org),http://www.sice.oas.org/SME_CH/LCA/ICT_Action_Plan_LCA_e.pdf,,,,
saint lucia,Electronic Transactions Bill,Part of National ICT/Digital Document,Electronic Transactions Act 2007.pmd (easterncaribbeanlaw.com),http://www.easterncaribbeanlaw.com/wp-content/uploads/2014/07/Electronic-transactions-ACT.pdf,,,,
saint lucia,St. Lucia National Broadband Policy and Plan 2013-2018,Part of National ICT/Digital Document,National ict policy and strategy 2013 2018 (slideshare.net),https://www.slideshare.net/unitedpacsaintlucia/national-ict-policy-and-strategy-2013-2018,,,,
saint vincent and the grenadines,St Vincent and the Grenadines e-Government Development Strategy Plan,Part of National ICT/Digital Document,,#VALUE!,,,,
saint vincent and the grenadines,Fisheries and Aquaculture Policy 2018,Part of Existing Sector Document (Agriculture/Fisheries),,#VALUE!,,,,
saint vincent and the grenadines,Cybercrime Bill,Part of National ICT/Digital Document,http://www.assembly.gov.vc/assembly/images/stories/cybercrime%20bill%202016.pdf,http://www.assembly.gov.vc/assembly/images/stories/cybercrime bill 2016.pdf,,,,
saint vincent and the grenadines,Policy Framework and Strategic Plan for Agricultural Development 2012-2018,Part of Existing Sector Document (Agriculture/Fisheries),http://extwprlegs1.fao.org/docs/pdf/stv172929.pdf,http://extwprlegs1.fao.org/docs/pdf/stv172929.pdf,,,,
samoa,Electronic Transactions Act,Part of National ICT/Digital Document,https://samoa.tradeportal.org/media/Electronic%20Transactions%20Act%202008.pdf,https://samoa.tradeportal.org/media/Electronic Transactions Act 2008.pdf,,,,
samoa,Samoa National Cybersecurity Strategy 2016-2021,Part of National ICT/Digital Document,MCIT-Samoa-National-Cybersecurity-Strategy-2016-2021.pdf (samoagovt.ws),https://www.samoagovt.ws/wp-content/uploads/2017/02/MCIT-Samoa-National-Cybersecurity-Strategy-2016-2021.pdf,,,,
samoa,Samoa National Broadband Policy,Part of National ICT/Digital Document,https://mcit.gov.ws/wp-content/uploads/2019/04/Samoa-National-Broadband-Policy-2012.pdf,https://mcit.gov.ws/wp-content/uploads/2019/04/Samoa-National-Broadband-Policy-2012.pdf,,,,
samoa,Samoa National ICT Policy 2012-2017,Part of National ICT/Digital Document,https://tradecca.thecommonwealth.org/pdf/samoa-national-cybersecurity-strategy-2016-2021,https://tradecca.thecommonwealth.org/pdf/samoa-national-cybersecurity-strategy-2016-2021,,,,
seychelles,National Food and Nutrition Security Policy (NFNSP).,Part of Existing Sector Document (Agriculture/Fisheries),http://faolex.fao.org/docs/pdf/sey175650.pdf,http://faolex.fao.org/docs/pdf/sey175650.pdf,,,,
seychelles,National ICT Policy,Part of National ICT/Digital Document,https://www.ict.gov.sc/resources/policy.pdf,https://www.ict.gov.sc/resources/policy.pdf,,,,
sierra leone,Sierra Leone Agricultural Research Institute (SLARI) Strategic Plan 2012 - 2021.,Part of Existing Sector Document (Agriculture/Fisheries),http://faolex.fao.org/docs/pdf/sie199283.pdf,http://faolex.fao.org/docs/pdf/sie199283.pdf,,,,
sierra leone,National Sustainable Agriculture Development Plan 2010-2030,Part of Existing Sector Document (Agriculture/Fisheries),https://www.gafspfund.org/sites/default/files/inline-files/SL_NSADP.pdf,https://www.gafspfund.org/sites/default/files/inline-files/SL_NSADP.pdf,,,,
sierra leone,National ICT Policy,Part of National ICT/Digital Document,Ministry of Information and Communications (ellipsis.co.za),https://www.ellipsis.co.za/wp-content/uploads/2016/07/SierraLeone.pdf,,,,
singapore,Cybersecurity Act,Part of National ICT/Digital Document,Cybersecurity Act (csa.gov.sg),https://www.csa.gov.sg/legislation/cybersecurity-act,,,,
singapore,Computer Misuse Act,Part of National ICT/Digital Document,https://www.bing.com/search?q=computer+misuse+act+singapore&qs=n&form=QBRE&msbsrank=3_4__0&sp=-1&pq=computer+misuse+act+singapore&sc=4-29&sk=&cvid=CBAF1F2B9CDD4D02BC9EAA1F27B7A107,https://www.bing.com/search?q=computer+misuse+act+singapore&qs=n&form=QBRE&msbsrank=3_4__0&sp=-1&pq=computer+misuse+act+singapore&sc=4-29&sk=&cvid=CBAF1F2B9CDD4D02BC9EAA1F27B7A107,,,,
singapore,Personal Data Protection Act,Part of National ICT/Digital Document,"https://www.pwc.com/sg/en/personal-data-protection.html#:~:text=Singapore%20Personal%20Data%20Protection%20Act%202012%20%28PDPA%29%20is,amendments%20that%20takes%20effect%20on%202%20November%202020.",https://www.pwc.com/sg/en/personal-data-protection.html,,,,
singapore,eGov2015: Connecting People. Enriching Lives.,Part of National ICT/Digital Document,https://www.mynewsdesk.com/sg/ministry-of-finance/pressreleases/egov2015-connecting-people-enriching-lives-653820.pdf,https://www.mynewsdesk.com/sg/ministry-of-finance/pressreleases/egov2015-connecting-people-enriching-lives-653820.pdf,,,,
singapore,iN2015,Part of National ICT/Digital Document,realisingthevisionin2015.pdf (tech.gov.sg),https://www.tech.gov.sg/files/media/corporate-publications/2015/01/realisingthevisionin2015.pdf,,,,
singapore,Telecommunications Act,Part of National ICT/Digital Document,Telecommunications Act 1999 - Singapore Statutes Online (agc.gov.sg),https://sso.agc.gov.sg/Act/TA1999,,,,
singapore,Electronic Transactions Act,Part of National ICT/Digital Document,https://www.bing.com/newtabredir?url=https%3A%2F%2Fsso.agc.gov.sg%2FAct%2FETA2010,https://www.bing.com/search?q=electronic+transactions+act+singapore&cvid=a27de391008a4633861a4c109b49b1be&aqs=edge.0.69i59j69i60.1919j0j9&FORM=ANAB01&PC=U531,,,,
singapore,Digital Economy Framework for Action,Part of National ICT/Digital Document,sgd-framework-for-action.pdf (imda.gov.sg),https://www.imda.gov.sg/-/media/imda/files/sg-digital/sgd-framework-for-action.pdf?la=en,,,,
singapore,Model AI Governance Framework and accompanying Implementation and Self-Assessment Guide for Organisation and Compendium of Use Cases,Part of National ICT/Digital Document,https://www.pdpc.gov.sg/-/media/files/pdpc/pdf-files/resource-for-organisation/ai/sgmodelaigovframework2.ashx,https://www.pdpc.gov.sg/-/media/files/pdpc/pdf-files/resource-for-organisation/ai/sgmodelaigovframework2.ashx,,,,
singapore,Digital Readiness Blueprint,Part of National ICT/Digital Document,MCI_Blueprint Report_FINAL.PDF,#VALUE!,,,,
solomon islands,Information Communication Technology Policy,Part of National ICT/Digital Document,https://www.tcsi.org.sb/index.php/library/national-policy/13-150509-afs-ict-nat-ict-policy-final/file,https://www.tcsi.org.sb/index.php/library/national-policy/13-150509-afs-ict-nat-ict-policy-final/file,,,,
south africa,Agricultural Policy Action Plan (APAP) 2015-2019.,Part of Existing Sector Document (Agriculture/Fisheries),http://faolex.fao.org/docs/pdf/saf191581.pdf,http://faolex.fao.org/docs/pdf/saf191581.pdf,,,,
south africa,Cybercrimes and Cybersecurity Bill,Part of National ICT/Digital Document,https://www.gov.za/documents/cybercrimes-and-cybersecurity-bill-b6-2017-21-feb-2017-0000,https://www.gov.za/documents/cybercrimes-and-cybersecurity-bill-b6-2017-21-feb-2017-0000,,,,
south africa,South Africa Broadband Policy - South Africa Connect,Part of National ICT/Digital Document,"Electronic Communications Act: South Africa Connect: Creating opportunity, ensuring inclusion South Africa's Broadband Policy (www.gov.za)",https://www.gov.za/sites/default/files/gcis_document/201409/37119gon953.pdf,,,,
south africa,National e-Government Strategy and Roadmap,Part of National ICT/Digital Document,"https://www.gov.za/sites/default/files/gcis_document/201711/41241gen886.pdf#:~:text=The%20National%20e-Government%20Strategy%20and%20Roadmap%20is%20to,technologies%20to%20improve%20their%20quality%20of%20life.%202.",https://www.gov.za/sites/default/files/gcis_document/201711/41241gen886.pdf,,,,
south africa,National Integrated ICT Policy White Paper,Part of National ICT/Digital Document,Electronic Communications Amendment Bill: Draft (pmg.org.za),https://static.pmg.org.za/ECABill.pdf,,,,
south africa,Electronic Communications and Transactions Act,Part of National ICT/Digital Document,https://www.gov.za/sites/default/files/gcis_document/201409/a25-02.pdf,https://www.gov.za/sites/default/files/gcis_document/201409/a25-02.pdf,,,,
south africa,Policy for the small-scale fisheries sector in South Africa 2012,Part of Existing Sector Document (Agriculture/Fisheries),https://www.gov.za/sites/default/files/gcis_document/201409/35455gon474.pdf,https://www.gov.za/sites/default/files/gcis_document/201409/35455gon474.pdf,,,,
south africa,"
National Marine Fisheries Policy 1997",Part of Existing Sector Document (Agriculture/Fisheries),http://www.gov.za/sites/www.gov.za/files/marine_fisheries_0.pdf,http://www.gov.za/sites/www.gov.za/files/marine_fisheries_0.pdf,,,,
south africa,National Digital and Future Skills Strategy 2020,Part of National ICT/Digital Document,https://www.gov.za/sites/default/files/gcis_document/202009/43730gen513.pdf,https://www.gov.za/sites/default/files/gcis_document/202009/43730gen513.pdf,,,,
south africa,Protection of Personal Information Act,Part of National ICT/Digital Document,Protection of Personal Information Act (www.gov.za),https://www.gov.za/sites/default/files/gcis_document/201409/3706726-11act4of2013popi.pdf,,,,
sri lanka,Sri Lanka E-agriculture Strategy.,Standalone,http://faolex.fao.org/docs/pdf/srl169703.pdf,http://faolex.fao.org/docs/pdf/srl169703.pdf,,,,
sri lanka,Electronic Transactions Act,Part of National ICT/Digital Document,electronic transactions act no. 19 of 2006.pdf (casrilanka.com),https://www.casrilanka.com/casl/images/stories/EDBA/electronic transactions act no. 19 of 2006.pdf,,,,
sri lanka,Computer Crime Act,Part of National ICT/Digital Document,Computer Crime Act (srilankalaw.lk),https://www.srilankalaw.lk/?id=239&lang=en,,,,
sri lanka,ICT Road Map 2015-2020,Part of National ICT/Digital Document,,#VALUE!,,,,
sri lanka,National Agriculture Policy (NAP),Part of Existing Sector Document (Agriculture/Fisheries),NAP Web Version - 26 March 2021.pdf (agrimin.gov.lk),https://www.agrimin.gov.lk/web/images/pdf/Policy/2021.03.27 - NAP/NAP Web Version - 26 March 2021.pdf,,,,
st. kitts and nevis,National ICT Plan,Part of National ICT/Digital Document,https://www.bing.com/search?q=National+ICT+Plan+St.+Kitts+and+nevis&cvid=e3165223a3664dd881d87ec77d24fe7c&aqs=edge..69i57.2927j0j4&FORM=ANAB01&PC=U531,https://www.bing.com/search?q=National+ICT+Plan+St.+Kitts+and+nevis&cvid=e3165223a3664dd881d87ec77d24fe7c&aqs=edge..69i57.2927j0j4&FORM=ANAB01&PC=U531,,,,
st. kitts and nevis,Electronic Transactions Act,Part of National ICT/Digital Document,https://aglcskn.info/documents/Act17TOC/Ch%2018.44%20Electronic%20Transactions%20Act.pdf,https://aglcskn.info/documents/Act17TOC/Ch 18.44 Electronic Transactions Act.pdf,,,,
st. vincent and the grenadines,National Information and Communication Technology: Strategy and Action Plan 2010-2015,Part of National ICT/Digital Document,,#VALUE!,,,,
st. vincent and the grenadines,Cybercrime Bill,Part of National ICT/Digital Document,Microsoft Word - ELECTRONIC CRIMES BILL 17Mar2010 (govt.lc),http://www.govt.lc/media.govt.lc/www/resources/legislation/ElectronicCrimesBill.pdf,,,,
st. vincent and the grenadines,Electronic Transactions Act,Part of National ICT/Digital Document,Electronic Transactions Act 2007.pmd (easterncaribbeanlaw.com),http://www.easterncaribbeanlaw.com/wp-content/uploads/2014/07/Electronic-transactions-ACT.pdf,,,,
st. vincent and the grenadines,St Vincent and the Grenadines e-Government Development Strategy Plan,Part of National ICT/Digital Document,,#VALUE!,,,,
Tanzania,Agricultural Sector Development Programme.,Part of Existing Sector Document (Agriculture/Fisheries),http://faolex.fao.org/docs/pdf/tan169870.pdf,http://faolex.fao.org/docs/pdf/tan169870.pdf,,,,
Tanzania,Agricultural Sector Development Strategy - II 2015/2016 - 2024/2025.,Part of Existing Sector Document (Agriculture/Fisheries),http://faolex.fao.org/docs/pdf/tan160643.pdf,http://faolex.fao.org/docs/pdf/tan160643.pdf,,,,
Tanzania,National Trade Policy,Part of Existing Sector Document (Other),http://faolex.fao.org/docs/pdf/tan148257.pdf,http://faolex.fao.org/docs/pdf/tan148257.pdf,,,,
Tanzania,Electronic and Postal Communications Regulations 2020,,,#VALUE!,,,,
Tanzania,National Fisheries Policy 2020,Part of Existing Sector Document (Agriculture/Fisheries),https://www.mifugouvuvi.go.tz/uploads/publications/en1595837773-NATIONAL%20FISHERIES%20POLICY%202015.pdf,https://www.mifugouvuvi.go.tz/uploads/publications/en1595837773-NATIONAL FISHERIES POLICY 2015.pdf,,,,
Tanzania,National Agriculture Policy 2013,Part of Existing Sector Document (Agriculture/Fisheries),"https://www.climate-laws.org/geographies/tanzania/policies/national-agriculture-policy-2013#:~:text=National%20Agriculture%20Policy%202013,-Executive&text=The%20Policy%20aims%20among%20others,adaptation%20to%20climate%20change%20effects.",https://www.climate-laws.org/geographies/tanzania/policies/national-agriculture-policy-2013,,,,
Tanzania,National Information and Communications Technology Policy 2016,Part of National ICT/Digital Document,https://www.ega.go.tz/uploads/publications/sw-1574848612-SERA%202016.pdf,https://www.ega.go.tz/uploads/publications/sw-1574848612-SERA 2016.pdf,,,,
the gambia,The Gambian ICT4D-2012 Plan (update 2016/2017),Part of National ICT/Digital Document,https://ellipsis.co.za/wp-content/uploads/2016/07/Gambia.pdf,https://ellipsis.co.za/wp-content/uploads/2016/07/Gambia.pdf,,,,
the gambia,Information and Communications Act,Part of National ICT/Digital Document,,#VALUE!,,,,
tonga,Tonga Marine Aquarium Fishery Management and Development Plan 2017-2019.,Part of Existing Sector Document (Agriculture/Fisheries),http://faolex.fao.org/docs/pdf/ton176162.pdf,http://faolex.fao.org/docs/pdf/ton176162.pdf,,,,
tonga,Tonga Deepwater Fishery Management Plan 2017-2019,Part of Existing Sector Document (Agriculture/Fisheries),http://faolex.fao.org/docs/pdf/ton174007.pdf,http://faolex.fao.org/docs/pdf/ton174007.pdf,,,,
tonga,Cyber Crimes Legislation,Part of National ICT/Digital Document,https://rm.coe.int/16802f2474,https://rm.coe.int/16802f2474,,,,
tonga,The Tonga Agriculture Sector Plan (TASP) 2016-2020,Part of Existing Sector Document (Agriculture/Fisheries),https://pafpnet.spc.int/attachments/article/574/Tonga Agriculture Sector Plan 2016-2020.pdf,#VALUE!,,,,
trinidad and tobago,"Ministry of Food Production, Land and Marine Affairs (MFPLMA) Strategic Plan 2011-2015.",Part of Existing Sector Document (Agriculture/Fisheries),http://faolex.fao.org/docs/pdf/tri180159.pdf,http://faolex.fao.org/docs/pdf/tri180159.pdf,,,,
trinidad and tobago,Electronic Transactions Act,Part of National ICT/Digital Document,https://tradeind.gov.tt/wp-content/uploads/2016/02/Electronic-Transactions-Act-No.-6-of-2011.pdf,https://tradeind.gov.tt/wp-content/uploads/2016/02/Electronic-Transactions-Act-No.-6-of-2011.pdf,,,,
trinidad and tobago,National ICT Plan ICT Blueprint 2018-2022,Part of National ICT/Digital Document,https://mpa.gov.tt/sites/default/files/file_upload/publications/ICT%20BLUEPRINT%20JULY%202019.pdf,https://mpa.gov.tt/sites/default/files/file_upload/publications/ICT BLUEPRINT JULY 2019.pdf,,,,
trinidad and tobago,National e-Commerce Strategy 2017-2021,Part of National ICT/Digital Document,https://tradeind.gov.tt/national-e-commerce-strategy-2017-2021/,https://tradeind.gov.tt/national-e-commerce-strategy-2017-2021/,,,,
tuvalu,"Tuvalu National Agriculture Sector Plan, 2016-2023.",Part of Existing Sector Document (Agriculture/Fisheries),http://faolex.fao.org/docs/pdf/tuv170765.pdf,http://faolex.fao.org/docs/pdf/tuv170765.pdf,,,,
tuvalu,Infrastructure Strategy and Investment Plan (10 year plan),Part of National ICT/Digital Document,"https://www.theprif.org/sites/default/files/documents/15-TISIP%20Final%20Report.pdf#:~:text=The%20Tuvalu%20Infrastructure%20Strategy%20and%20Investment%20Plan%20%28TISIP%29,and%20assesses%20the%20financial%20resources%20to%20support%20implementation.",https://www.theprif.org/sites/default/files/documents/15-TISIP Final Report.pdf,,,,
uganda,"National Agriculture Policy, 2013.",Part of Existing Sector Document (Agriculture/Fisheries),http://faolex.fao.org/docs/pdf/uga160265.pdf,http://faolex.fao.org/docs/pdf/uga160265.pdf,,,,
uganda,Agriculture Sector Strategic Plan 2015/16-2019/20.,Part of Existing Sector Document (Agriculture/Fisheries),http://faolex.fao.org/docs/pdf/uga181565.pdf,http://faolex.fao.org/docs/pdf/uga181565.pdf,,,,
uganda,Electronic Transactions Act,Part of National ICT/Digital Document,https://ict.go.ug/wp-content/uploads/2019/12/UGANDA-Electronic-Transactions-Act-No.-8-of-2011.pdf,https://ict.go.ug/wp-content/uploads/2019/12/UGANDA-Electronic-Transactions-Act-No.-8-of-2011.pdf,,,,
uganda,Computer Misuse Act,Part of National ICT/Digital Document,"https://africanlii.org/content/computer-misuse-act-2011-act-2-2011-0#:~:text=The%20Act%20began%20as%20Computer%20Misuse%20Bill%20No.,environment%20that%20was%20free%20of%20abuse%20and%20misuse.%E2%80%9D",https://africanlii.org/content/computer-misuse-act-2011-act-2-2011-0,,,,
uganda,Electronic Signatures Act,Part of National ICT/Digital Document,"https://ict.go.ug/2019/12/03/the-electronics-signatures-act-2011/#:~:text=An%20Act%20to%20make%20provision,provide%20for%20other%20related%20matters.",https://ict.go.ug/2019/12/03/the-electronics-signatures-act-2011/,,,,
uganda,National Fisheries and Aquaculture Policy,Part of Existing Sector Document (Agriculture/Fisheries),http://extwprlegs1.fao.org/docs/pdf/uga201565.pdf,http://extwprlegs1.fao.org/docs/pdf/uga201565.pdf,,,,
uganda,National ICT Policy 2014,Part of National ICT/Digital Document,ICT_Policy_2014.pdf,https://ict.go.ug/wp-content/uploads/2018/11/ICT_Policy_2014.pdf,,,,
united kingdom,The Path to Sustainable Farming: An Agricultural Transition Plan 2021 to 2024.,Part of Existing Sector Document (Agriculture/Fisheries),http://faolex.fao.org/docs/pdf/uk201438.pdf,http://faolex.fao.org/docs/pdf/uk201438.pdf,,,,
united kingdom,Future Telecoms Infrastructure Review,Part of National ICT/Digital Document,https://assets.publishing.service.gov.uk/government/uploads/system/uploads/attachment_data/file/732496/Future_Telecoms_Infrastructure_Review.pdf,https://assets.publishing.service.gov.uk/government/uploads/system/uploads/attachment_data/file/732496/Future_Telecoms_Infrastructure_Review.pdf,,,,
united kingdom,Digital Economy Act,Part of National ICT/Digital Document,https://www.gov.uk/government/collections/digital-economy-bill-2016,https://www.gov.uk/government/collections/digital-economy-bill-2016,,,,
united kingdom,Government ICT Strategy,Part of National ICT/Digital Document,https://assets.publishing.service.gov.uk/government/uploads/system/uploads/attachment_data/file/85968/uk-government-government-ict-strategy_0.pdf,https://assets.publishing.service.gov.uk/government/uploads/system/uploads/attachment_data/file/85968/uk-government-government-ict-strategy_0.pdf,,,,
united kingdom,Digital Economy Strategy 2015-2018,Part of National ICT/Digital Document,https://www.ukri.org/wp-content/uploads/2021/12/IUK-081221-DigitalEconomyStrategy2015To2018.pdf,https://www.ukri.org/wp-content/uploads/2021/12/IUK-081221-DigitalEconomyStrategy2015To2018.pdf,,,,
united kingdom,National Cyber Security Strategy 2016-2021,Part of National ICT/Digital Document,https://www.gov.uk/government/publications/national-cyber-strategy-2022/national-cyber-security-strategy-2022,https://www.gov.uk/government/publications/national-cyber-strategy-2022/national-cyber-security-strategy-2022,,,,
united kingdom,Electronic Communications Act,Part of National ICT/Digital Document,https://www.legislation.gov.uk/ukpga/2000/7,https://www.legislation.gov.uk/ukpga/2000/7,,,,
united kingdom,Government Digital Strategy,Part of National ICT/Digital Document,UK Digital Strategy 2017 - GOV.UK (www.gov.uk),https://www.gov.uk/government/publications/uk-digital-strategy/uk-digital-strategy,,,,
united republic of tanzania,National Information and Communications Technology Policy,Part of National ICT/Digital Document,cover National ICT Policy (ellipsis.co.za),https://www.ellipsis.co.za/wp-content/uploads/2016/07/Tanzania_ICT.pdf,,,,
united republic of tanzania,Electronic Transactions Act,Part of National ICT/Digital Document,https://www.bing.com/search?q=Electronic+Transactions+Act+Tanzania&qs=n&form=QBRE&msbsrank=4_5__0&sp=-1&pq=electronic+transactions+act+tanzania&sc=5-36&sk=&cvid=301E358223BE4026A2CBC04D72881C0C,https://www.bing.com/search?q=Electronic+Transactions+Act+Tanzania&qs=n&form=QBRE&msbsrank=4_5__0&sp=-1&pq=electronic+transactions+act+tanzania&sc=5-36&sk=&cvid=301E358223BE4026A2CBC04D72881C0C,,,,
united republic of tanzania,Cybercrimes Act,Part of National ICT/Digital Document,,#VALUE!,,,,
vanuatu,"Ministry of Agriculture, Livestock, Forestry, Fisheries and Biosecurity Corporate Plan 2014-2018.",Part of Existing Sector Document (Agriculture/Fisheries),http://faolex.fao.org/docs/pdf/van167039.pdf,http://faolex.fao.org/docs/pdf/van167039.pdf,,,,
vanuatu,Vanuatu National Information and Communication Technology Policy,Part of National ICT/Digital Document,https://www.trbr.vu/attachments/category/166/vanuatu_national_ict_policy.pdf,https://www.trbr.vu/attachments/category/166/vanuatu_national_ict_policy.pdf,,,,
vanuatu,Vanuatu National Cybersecurity Policy,Part of National ICT/Digital Document,https://tradecca.thecommonwealth.org/document/vanuatu-national-cybersecurity-policy,https://tradecca.thecommonwealth.org/document/vanuatu-national-cybersecurity-policy,,,,
vanuatu,E-Business Act,Part of National ICT/Digital Document,https://www.vfsc.vu/e-business-act-no-25-of-2000-and-amendments/,https://www.vfsc.vu/e-business-act-no-25-of-2000-and-amendments/,,,,
vanuatu,National Cybersecurity Strategy 2030,Part of National ICT/Digital Document,https://cert.gov.vu/index.php/resources/policies-and-strategies,https://cert.gov.vu/index.php/resources/policies-and-strategies,,,,
vanuatu,National Fisheries Sector Policy 2016-2031,Part of Existing Sector Document (Agriculture/Fisheries),https://www.nab.vu/sites/default/files/documents/National%20Fisheries%20policy%20FINAL%20FINAL%20FINAL_0.pdf,https://www.nab.vu/sites/default/files/documents/National Fisheries policy FINAL FINAL FINAL_0.pdf,,,,
zambia,SMART Zambia eGovernment Masterplan 2018-2030,Part of National ICT/Digital Document,https://www.szi.gov.zm/wp-content/uploads/2022/01/eGOVERNMENT_Masterplan_v3.0.pdf,https://www.szi.gov.zm/wp-content/uploads/2022/01/eGOVERNMENT_Masterplan_v3.0.pdf,,,,
zambia,Eight (8) Public Service ICT Standards,Part of National ICT/Digital Document,,#VALUE!,,,,
zambia,Smart Zambia Initiative,Part of National ICT/Digital Document,,#VALUE!,,,,
zambia,Digital Identity Country Profile: Zambia,Part of National ICT/Digital Document,,#VALUE!,,,,
zambia,Electronic Communications and Transactions Act,Part of National ICT/Digital Document,https://www.parliament.gov.zm/node/8842,https://www.parliament.gov.zm/node/8842,,,,
zambia,The Information and Communication Technologies Act,Part of National ICT/Digital Document,https://tradecca.thecommonwealth.org/pdf/information-and-communication-technologies-act-2001-amended-december-2018,https://tradecca.thecommonwealth.org/pdf/information-and-communication-technologies-act-2001-amended-december-2018,,,,
zambia,Zambia ICT Policy,Part of National ICT/Digital Document,https://thezambian.com/wp-content/uploads/2007/04/Zambia-Information-and-Communication-Technology-Policy.pdf,https://thezambian.com/wp-content/uploads/2007/04/Zambia-Information-and-Communication-Technology-Policy.pdf,,,,
zambia,Second National Agricultural Policy,Part of Existing Sector Document (Agriculture/Fisheries),SECOND-NATIONAL-AGRICULTURAL-POLICY-2016.pdf (cbz.org.zm),http://cbz.org.zm/public/downloads/SECOND-NATIONAL-AGRICULTURAL-POLICY-2016.pdf,,,,
botswana,Digital Connectivity Standards,Part of National ICT/Digital Document,https://smartbots.gov.bw/sites/default/files/2021-10/Digital_Connectivity_Standards_V4_2021.pdf,https://smartbots.gov.bw/sites/default/files/2021-10/Digital_Connectivity_Standards_V4_2021.pdf,,,,
botswana,National Information and Communication Technology (ICT) Strategy,Part of National ICT/Digital Document,"https://publicadministration.un.org/unpsa/Portals/0/UNPSA_Submitted_Docs/2019/f912b59f-5963-4335-9dff-194a1a522c49/Maitlamo%20Policy_26112019_083359_d807e512-ea2e-4d56-8fba-60679904b985.pdf?ver=2019-11-26-083359-520#:~:text=The%20National%20Information%20and%20Communications,and%20Communications%20Technology%20(ICT).",https://publicadministration.un.org/unpsa/Portals/0/UNPSA_Submitted_Docs/2019/f912b59f-5963-4335-9dff-194a1a522c49/Maitlamo Policy_26112019_083359_d807e512-ea2e-4d56-8fba-60679904b985.pdf?ver=2019-11-26-083359-520,,,,
cameroon,National Strategy of Digital Cameroon,Part of National ICT/Digital Document,eGovernment Master Plan,#VALUE!,,,,
cameroon,eGovernment Master Plan,Part of National ICT/Digital Document,,#VALUE!,,,,
canada,Digital Government Strategy,Part of National ICT/Digital Document,https://www.canada.ca/en/government/system/digital-government/digital-government-strategy.html,https://www.canada.ca/en/government/system/digital-government/digital-government-strategy.html,,,,
,Policy Statement on Electronic Commerce and the Bahamian Digital Agenda,,,#VALUE!,,,,
bangladesh,Bangladesh National Agriculture Policy 2018,Part of Existing Sector Document (Agriculture/Fisheries),"Bangladesh
National Agriculture Policy 2018",https://bangladeshbiosafety.org/wp-content/uploads/2021/03/National-Agricullture-Policy_2018_English.pdf,,,,
bangladesh,National Blockchain Strategy,Part of National ICT/Digital Document,,#VALUE!,,,,
bangladesh,National Strategy for Artificial Intelligence,Part of National ICT/Digital Document,,#VALUE!,,,,
bangladesh,National Internet of Things Strategy,Part of National ICT/Digital Document,,#VALUE!,,,,
