Date,Id,Tweet,Username,Location,likeCount,replyCount,retweetCount,quoteCount,userDescription,userFollowers,hashtags,Cleaned_Tweet,Tweet_tokenized,Tweet_removed_stop_word,Tweet_stemmed,Tweet_lemmatized,sentiment,Country
2022-06-05 13:02:50+00:00,1533434168612294657,late night drives listening to soft music. i like bulgogi and bingsu. i like giving meaningful gifts (idk itâ€™s great to feel someone appreciate u appreciate them). i like the crackle of fire in a fireplace. i like riding public transport (just the ones in europe lmao). i like,LuqmanLSG,Malaysia,34,1,2,0,Screenwriter #KeluangMan #ProjekHighCouncil #ProjekAnchorSPM #FilemRahsia #FilemPusaka. I make Twitter vids & threads I hope are beneficial. Pls send memes âœ¨,8049,,late night drives listening to soft music i like bulgogi and bingsu i like giving meaningful gifts idk its great to feel someone appreciate u appreciate them i like the crackle of fire in a fireplace i like riding public transport just the ones in europe lmao i like,"['late', 'night', 'drives', 'listening', 'to', 'soft', 'music', 'i', 'like', 'bulgogi', 'and', 'bingsu', 'i', 'like', 'giving', 'meaningful', 'gifts', 'idk', 'its', 'great', 'to', 'feel', 'someone', 'appreciate', 'u', 'appreciate', 'them', 'i', 'like', 'the', 'crackle', 'of', 'fire', 'in', 'a', 'fireplace', 'i', 'like', 'riding', 'public', 'transport', 'just', 'the', 'ones', 'in', 'europe', 'lmao', 'i', 'like']","['late', 'night', 'drives', 'listening', 'soft', 'music', 'like', 'bulgogi', 'bingsu', 'like', 'giving', 'meaningful', 'gifts', 'idk', 'great', 'feel', 'someone', 'appreciate', 'u', 'appreciate', 'like', 'crackle', 'fire', 'fireplace', 'like', 'riding', 'public', 'transport', 'ones', 'europe', 'lmao', 'like']","['late', 'night', 'drive', 'listen', 'soft', 'music', 'like', 'bulgogi', 'bingsu', 'like', 'give', 'meaning', 'gift', 'idk', 'great', 'feel', 'someon', 'appreci', 'u', 'appreci', 'like', 'crackl', 'fire', 'fireplac', 'like', 'ride', 'public', 'transport', 'one', 'europ', 'lmao', 'like']","['late', 'night', 'drives', 'listening', 'soft', 'music', 'like', 'bulgogi', 'bingsu', 'like', 'giving', 'meaningful', 'gifts', 'idk', 'great', 'feel', 'someone', 'appreciate', 'u', 'appreciate', 'like', 'crackle', 'fire', 'fireplace', 'like', 'riding', 'public', 'transport', 'ones', 'europe', 'lmao', 'like']",5,Indonesia
2022-06-04 03:27:45+00:00,1532927057130561537,@btxtidol @love4_seven I think it is a chance for them to interact more intimately with fans. For music shows they sometimes get to gift attending fans tidbits and care packages. I think they appreciate that interaction they get at music shows ğŸ¥º,MommySasya,Malaysia,0,0,0,0,"This is a BTS stan account. âœ¨OT7âœ¨ How can all 7 members be equally captivating ğŸ¤”?

âŒWill block ships and fancam accs if they get too annoying ğŸš«Solos",379,,i think it is a chance for them to interact more intimately with fans for music shows they sometimes get to gift attending fans tidbits and care packages i think they appreciate that interaction they get at music shows,"['i', 'think', 'it', 'is', 'a', 'chance', 'for', 'them', 'to', 'interact', 'more', 'intimately', 'with', 'fans', 'for', 'music', 'shows', 'they', 'sometimes', 'get', 'to', 'gift', 'attending', 'fans', 'tidbits', 'and', 'care', 'packages', 'i', 'think', 'they', 'appreciate', 'that', 'interaction', 'they', 'get', 'at', 'music', 'shows']","['think', 'chance', 'interact', 'intimately', 'fans', 'music', 'shows', 'sometimes', 'get', 'gift', 'attending', 'fans', 'tidbits', 'care', 'packages', 'think', 'appreciate', 'interaction', 'get', 'music', 'shows']","['think', 'chanc', 'interact', 'intim', 'fan', 'music', 'show', 'sometim', 'get', 'gift', 'attend', 'fan', 'tidbit', 'care', 'packag', 'think', 'appreci', 'interact', 'get', 'music', 'show']","['think', 'chance', 'interact', 'intimately', 'fans', 'music', 'shows', 'sometimes', 'get', 'gift', 'attending', 'fans', 'tidbits', 'care', 'packages', 'think', 'appreciate', 'interaction', 'get', 'music', 'shows']",3,Indonesia
2022-06-02 00:13:41+00:00,1532153443200118789,Thank you very much Sir George! @RetiredBroker I received this book from you via Air mail yesterday afternoon all the way from the UK to Singapore! Thanks for sending it to me and this beautiful little airplane gift with it! I really appreciate your kind gesture. ğŸ™ğŸ¼ğŸ˜Š https://t.co/4QAaCJPSQn https://t.co/2mKh5hCZBu,airplanetalk,Singapore,23,3,6,0,"Aviator: 34 yrs flying pistons/turboprop/jets/Seaplane/Aerospace Biz CEO, Anipal to all animals, co-founder Literati Singapore Book club, Sailing. #Catman",1650,,thank you very much sir george i received this book from you via air mail yesterday afternoon all the way from the uk to singapore thanks for sending it to me and this beautiful little airplane gift with it i really appreciate your kind gesture,"['thank', 'you', 'very', 'much', 'sir', 'george', 'i', 'received', 'this', 'book', 'from', 'you', 'via', 'air', 'mail', 'yesterday', 'afternoon', 'all', 'the', 'way', 'from', 'the', 'uk', 'to', 'singapore', 'thanks', 'for', 'sending', 'it', 'to', 'me', 'and', 'this', 'beautiful', 'little', 'airplane', 'gift', 'with', 'it', 'i', 'really', 'appreciate', 'your', 'kind', 'gesture']","['thank', 'much', 'sir', 'george', 'received', 'book', 'via', 'air', 'mail', 'yesterday', 'afternoon', 'way', 'uk', 'singapore', 'thanks', 'sending', 'beautiful', 'little', 'airplane', 'gift', 'really', 'appreciate', 'kind', 'gesture']","['thank', 'much', 'sir', 'georg', 'receiv', 'book', 'via', 'air', 'mail', 'yesterday', 'afternoon', 'way', 'uk', 'singapor', 'thank', 'send', 'beauti', 'littl', 'airplan', 'gift', 'realli', 'appreci', 'kind', 'gestur']","['thank', 'much', 'sir', 'george', 'received', 'book', 'via', 'air', 'mail', 'yesterday', 'afternoon', 'way', 'uk', 'singapore', 'thanks', 'sending', 'beautiful', 'little', 'airplane', 'gift', 'really', 'appreciate', 'kind', 'gesture']",5,Indonesia
2020-06-17 08:36:39+00:00,1273172692766777344,#DiscoverAtome and join us in uncovering gems that pops will appreciate because he #DADfinitelyDeservesIt ğŸ’– Download the #AtomeSG app today ğŸ”— https://t.co/lRTHhwU3kH #Singapore #fathersdaygiftideas https://t.co/9nKFWVkceY,AtomeSg,Singapore,0,1,0,0,"ğŸ’ğŸ»â€â™€ï¸ More than a new way to pay, welcome to Atome ğŸ› Own what you love, at your own time.",9301,"['DiscoverAtome', 'DADfinitelyDeservesIt', 'AtomeSG', 'Singapore', 'fathersdaygiftideas']",discoveratome and join us in uncovering gems that pops will appreciate because he dadfinitelydeservesit download the atomesg app today singapore fathersdaygiftideas,"['discoveratome', 'and', 'join', 'us', 'in', 'uncovering', 'gems', 'that', 'pops', 'will', 'appreciate', 'because', 'he', 'dadfinitelydeservesit', 'download', 'the', 'atomesg', 'app', 'today', 'singapore', 'fathersdaygiftideas']","['discoveratome', 'join', 'us', 'uncovering', 'gems', 'pops', 'appreciate', 'dadfinitelydeservesit', 'download', 'atomesg', 'app', 'today', 'singapore', 'fathersdaygiftideas']","['discoveratom', 'join', 'us', 'uncov', 'gem', 'pop', 'appreci', 'dadfinitelydeservesit', 'download', 'atomesg', 'app', 'today', 'singapor', 'fathersdaygiftidea']","['discoveratome', 'join', 'us', 'uncovering', 'gems', 'pops', 'appreciate', 'dadfinitelydeservesit', 'download', 'atomesg', 'app', 'today', 'singapore', 'fathersdaygiftideas']",5,Indonesia
2022-06-01 08:24:58+00:00,1531914691337142272,"ğŸ“¢ğŸ’¥BIG Announcement : Creative Selfie Contest Winner of DAY 1 at APHM 2022

And the Lucky winner is...Ms Quek Choon Yen ğŸŠğŸ‰
A Big Congratulations from all of us. ğŸ‘ğŸ‘ğŸ‘

She is the lucky winner to get a PARKSON gift voucher from Nalini Jiva ğŸ

#quasrapp #aphm2022 #healthcare",quasrapp,Singapore,0,0,0,0,Turning Incident reporting into Improvements. Patient Safety Solution for Every Hospital,11,"['quasrapp', 'aphm2022', 'healthcare']",big announcement creative selfie contest winner of day 1 at aphm 2022 and the lucky winner isms quek choon yen a big congratulations from all of us she is the lucky winner to get a parkson gift voucher from nalini jiva quasrapp aphm2022 healthcare,"['big', 'announcement', 'creative', 'selfie', 'contest', 'winner', 'of', 'day', '1', 'at', 'aphm', '2022', 'and', 'the', 'lucky', 'winner', 'isms', 'quek', 'choon', 'yen', 'a', 'big', 'congratulations', 'from', 'all', 'of', 'us', 'she', 'is', 'the', 'lucky', 'winner', 'to', 'get', 'a', 'parkson', 'gift', 'voucher', 'from', 'nalini', 'jiva', 'quasrapp', 'aphm2022', 'healthcare']","['big', 'announcement', 'creative', 'selfie', 'contest', 'winner', 'day', '1', 'aphm', '2022', 'lucky', 'winner', 'isms', 'quek', 'choon', 'yen', 'big', 'congratulations', 'us', 'lucky', 'winner', 'get', 'parkson', 'gift', 'voucher', 'nalini', 'jiva', 'quasrapp', 'aphm2022', 'healthcare']","['big', 'announc', 'creativ', 'selfi', 'contest', 'winner', 'day', '1', 'aphm', '2022', 'lucki', 'winner', 'ism', 'quek', 'choon', 'yen', 'big', 'congratul', 'us', 'lucki', 'winner', 'get', 'parkson', 'gift', 'voucher', 'nalini', 'jiva', 'quasrapp', 'aphm2022', 'healthcar']","['big', 'announcement', 'creative', 'selfie', 'contest', 'winner', 'day', '1', 'aphm', '2022', 'lucky', 'winner', 'isms', 'quek', 'choon', 'yen', 'big', 'congratulations', 'us', 'lucky', 'winner', 'get', 'parkson', 'gift', 'voucher', 'nalini', 'jiva', 'quasrapp', 'aphm2022', 'healthcare']",5,Indonesia
2022-03-19 07:55:03+00:00,1505090460750020609,@redfieryphoenix I've seen people requesting vouchers for their house warming or even ang pao if their friends want to gift them something and I used to think it was not good but I think it gives people the flexibility on what to do with it.,kosherjellyfish,Singapore!,1,2,0,0,INFP. Scatterbrain. Programmer (mostly Web). Cat-Annoyer. Flexitarian. Expect random tweets because my interests are varied.,960,,ive seen people requesting vouchers for their house warming or even ang pao if their friends want to gift them something and i used to think it was not good but i think it gives people the flexibility on what to do with it,"['ive', 'seen', 'people', 'requesting', 'vouchers', 'for', 'their', 'house', 'warming', 'or', 'even', 'ang', 'pao', 'if', 'their', 'friends', 'want', 'to', 'gift', 'them', 'something', 'and', 'i', 'used', 'to', 'think', 'it', 'was', 'not', 'good', 'but', 'i', 'think', 'it', 'gives', 'people', 'the', 'flexibility', 'on', 'what', 'to', 'do', 'with', 'it']","['ive', 'seen', 'people', 'requesting', 'vouchers', 'house', 'warming', 'even', 'ang', 'pao', 'friends', 'want', 'gift', 'something', 'used', 'think', 'good', 'think', 'gives', 'people', 'flexibility']","['ive', 'seen', 'peopl', 'request', 'voucher', 'hous', 'warm', 'even', 'ang', 'pao', 'friend', 'want', 'gift', 'someth', 'use', 'think', 'good', 'think', 'give', 'peopl', 'flexibl']","['ive', 'seen', 'people', 'requesting', 'vouchers', 'house', 'warming', 'even', 'ang', 'pao', 'friends', 'want', 'gift', 'something', 'used', 'think', 'good', 'think', 'gives', 'people', 'flexibility']",4,Indonesia
2020-11-30 14:15:56+00:00,1333414465493028866,Do catch the start of our December Giveaway tmr on IG Live at 8pm with  dynamic duo Aiken and Sylvia as we announce the winner of our 1st giveaway! Head over to our IG story to guess the first brand giving away $2k gift vouchers ğŸ‘ğŸ» #OwnTheMoment #TimeToOwnIt #AtomeHuat #Singapore https://t.co/HifdniSSWI,AtomeSg,Singapore,0,0,0,0,"ğŸ’ğŸ»â€â™€ï¸ More than a new way to pay, welcome to Atome ğŸ› Own what you love, at your own time.",9301,"['OwnTheMoment', 'TimeToOwnIt', 'AtomeHuat', 'Singapore']",do catch the start of our december giveaway tmr on ig live at 8pm with dynamic duo aiken and sylvia as we announce the winner of our 1st giveaway head over to our ig story to guess the first brand giving away 2k gift vouchers ownthemoment timetoownit atomehuat singapore,"['do', 'catch', 'the', 'start', 'of', 'our', 'december', 'giveaway', 'tmr', 'on', 'ig', 'live', 'at', '8pm', 'with', 'dynamic', 'duo', 'aiken', 'and', 'sylvia', 'as', 'we', 'announce', 'the', 'winner', 'of', 'our', '1st', 'giveaway', 'head', 'over', 'to', 'our', 'ig', 'story', 'to', 'guess', 'the', 'first', 'brand', 'giving', 'away', '2k', 'gift', 'vouchers', 'ownthemoment', 'timetoownit', 'atomehuat', 'singapore']","['catch', 'start', 'december', 'giveaway', 'tmr', 'ig', 'live', '8pm', 'dynamic', 'duo', 'aiken', 'sylvia', 'announce', 'winner', '1st', 'giveaway', 'head', 'ig', 'story', 'guess', 'first', 'brand', 'giving', 'away', '2k', 'gift', 'vouchers', 'ownthemoment', 'timetoownit', 'atomehuat', 'singapore']","['catch', 'start', 'decemb', 'giveaway', 'tmr', 'ig', 'live', '8pm', 'dynam', 'duo', 'aiken', 'sylvia', 'announc', 'winner', '1st', 'giveaway', 'head', 'ig', 'stori', 'guess', 'first', 'brand', 'give', 'away', '2k', 'gift', 'voucher', 'ownthemo', 'timetoownit', 'atomehuat', 'singapor']","['catch', 'start', 'december', 'giveaway', 'tmr', 'ig', 'live', '8pm', 'dynamic', 'duo', 'aiken', 'sylvia', 'announce', 'winner', '1st', 'giveaway', 'head', 'ig', 'story', 'guess', 'first', 'brand', 'giving', 'away', '2k', 'gift', 'vouchers', 'ownthemoment', 'timetoownit', 'atomehuat', 'singapore']",1,Indonesia
2020-11-02 06:44:16+00:00,1323153939055939584,One Week into LumiHealth (A Quick Review) - How I Earned Free Vouchers and How You Can Get a Free Apple Watch SE   https://t.co/lTxygJptNF  #lumihealth #news #singapore #sggiveaway #sgdeals #deals #sg #signup #gift,theshutterwhale,Singapore,0,0,0,0,Luxury Traveller | Foodie | Miles Chaser #THESHUTTERWHALE,456,"['lumihealth', 'news', 'singapore', 'sggiveaway', 'sgdeals', 'deals', 'sg', 'signup', 'gift']",one week into lumihealth a quick review how i earned free vouchers and how you can get a free apple watch se lumihealth news singapore sggiveaway sgdeals deals sg signup gift,"['one', 'week', 'into', 'lumihealth', 'a', 'quick', 'review', 'how', 'i', 'earned', 'free', 'vouchers', 'and', 'how', 'you', 'can', 'get', 'a', 'free', 'apple', 'watch', 'se', 'lumihealth', 'news', 'singapore', 'sggiveaway', 'sgdeals', 'deals', 'sg', 'signup', 'gift']","['one', 'week', 'lumihealth', 'quick', 'review', 'earned', 'free', 'vouchers', 'get', 'free', 'apple', 'watch', 'se', 'lumihealth', 'news', 'singapore', 'sggiveaway', 'sgdeals', 'deals', 'sg', 'signup', 'gift']","['one', 'week', 'lumihealth', 'quick', 'review', 'earn', 'free', 'voucher', 'get', 'free', 'appl', 'watch', 'se', 'lumihealth', 'news', 'singapor', 'sggiveaway', 'sgdeal', 'deal', 'sg', 'signup', 'gift']","['one', 'week', 'lumihealth', 'quick', 'review', 'earned', 'free', 'vouchers', 'get', 'free', 'apple', 'watch', 'se', 'lumihealth', 'news', 'singapore', 'sggiveaway', 'sgdeals', 'deals', 'sg', 'signup', 'gift']",1,Indonesia
2020-08-25 09:28:45+00:00,1298190569261248512,"ğŸ‡²ğŸ‡¾ LOCAL SKINCARE BUAT MERDEKA SALE ğŸ‡²ğŸ‡¾

ğŸ”´Mimpimika
ğŸ”´Alluskin

ğŸŒ»Free giftğŸ
ğŸŒ»Free PostageğŸš—
ğŸŒ»Fast ShippingğŸ“¦

You should give a try and proud to our local brandğŸ‡²ğŸ‡¾ #supportlocal

Check out my Shopee Now! Ada Free Voucher RM5 &amp; Cashback 10%ğŸ˜Grab cepatâ€¼ï¸
https://t.co/ynoByOKLsd https://t.co/sHNpd7fwIM",aqilddin,"Malacca, Malaysia",16,2,37,1,"follow your dreams ğŸ’« 
@localshelfmy
Agent Mimpimika Melaka hereâ˜ºï¸
msha.ke/localshelf.my",455,['supportlocal'],local skincare buat merdeka sale mimpimika alluskin free gift free postage fast shipping you should give a try and proud to our local brand supportlocal check out my shopee now ada free voucher rm5 amp cashback 10grab cepat,"['local', 'skincare', 'buat', 'merdeka', 'sale', 'mimpimika', 'alluskin', 'free', 'gift', 'free', 'postage', 'fast', 'shipping', 'you', 'should', 'give', 'a', 'try', 'and', 'proud', 'to', 'our', 'local', 'brand', 'supportlocal', 'check', 'out', 'my', 'shopee', 'now', 'ada', 'free', 'voucher', 'rm5', 'amp', 'cashback', '10grab', 'cepat']","['local', 'skincare', 'buat', 'merdeka', 'sale', 'mimpimika', 'alluskin', 'free', 'gift', 'free', 'postage', 'fast', 'shipping', 'give', 'try', 'proud', 'local', 'brand', 'supportlocal', 'check', 'shopee', 'ada', 'free', 'voucher', 'rm5', 'amp', 'cashback', '10grab', 'cepat']","['local', 'skincar', 'buat', 'merdeka', 'sale', 'mimpimika', 'alluskin', 'free', 'gift', 'free', 'postag', 'fast', 'ship', 'give', 'tri', 'proud', 'local', 'brand', 'supportloc', 'check', 'shope', 'ada', 'free', 'voucher', 'rm5', 'amp', 'cashback', '10grab', 'cepat']","['local', 'skincare', 'buat', 'merdeka', 'sale', 'mimpimika', 'alluskin', 'free', 'gift', 'free', 'postage', 'fast', 'shipping', 'give', 'try', 'proud', 'local', 'brand', 'supportlocal', 'check', 'shopee', 'ada', 'free', 'voucher', 'rm5', 'amp', 'cashback', '10grab', 'cepat']",5,Indonesia
2020-08-25 09:26:45+00:00,1298190063864438784,"@beaublossom_ Thank youğŸ¤—

ğŸ‡²ğŸ‡¾LOCAL SKINCARE BUAT MERDEKA SALEğŸ‡²ğŸ‡¾

ğŸ”´Mimpimika
ğŸ”´Alluskin

ğŸŒ»Free giftğŸ
ğŸŒ»Free PostageğŸš—
ğŸŒ»Fast ShippingğŸ“¦

You should give a try and proud to our local brandğŸ‡²ğŸ‡¾ #supportlocal

Check out my Shopee Now! Ada Free Voucher RM5 &amp; Cashback 10%ğŸ˜
https://t.co/ynoByOKLsd https://t.co/gbnc4Jfdsf",aqilddin,"Malacca, Malaysia",0,0,0,0,"follow your dreams ğŸ’« 
@localshelfmy
Agent Mimpimika Melaka hereâ˜ºï¸
msha.ke/localshelf.my",455,['supportlocal'],thank you local skincare buat merdeka sale mimpimika alluskin free gift free postage fast shipping you should give a try and proud to our local brand supportlocal check out my shopee now ada free voucher rm5 amp cashback 10,"['thank', 'you', 'local', 'skincare', 'buat', 'merdeka', 'sale', 'mimpimika', 'alluskin', 'free', 'gift', 'free', 'postage', 'fast', 'shipping', 'you', 'should', 'give', 'a', 'try', 'and', 'proud', 'to', 'our', 'local', 'brand', 'supportlocal', 'check', 'out', 'my', 'shopee', 'now', 'ada', 'free', 'voucher', 'rm5', 'amp', 'cashback', '10']","['thank', 'local', 'skincare', 'buat', 'merdeka', 'sale', 'mimpimika', 'alluskin', 'free', 'gift', 'free', 'postage', 'fast', 'shipping', 'give', 'try', 'proud', 'local', 'brand', 'supportlocal', 'check', 'shopee', 'ada', 'free', 'voucher', 'rm5', 'amp', 'cashback', '10']","['thank', 'local', 'skincar', 'buat', 'merdeka', 'sale', 'mimpimika', 'alluskin', 'free', 'gift', 'free', 'postag', 'fast', 'ship', 'give', 'tri', 'proud', 'local', 'brand', 'supportloc', 'check', 'shope', 'ada', 'free', 'voucher', 'rm5', 'amp', 'cashback', '10']","['thank', 'local', 'skincare', 'buat', 'merdeka', 'sale', 'mimpimika', 'alluskin', 'free', 'gift', 'free', 'postage', 'fast', 'shipping', 'give', 'try', 'proud', 'local', 'brand', 'supportlocal', 'check', 'shopee', 'ada', 'free', 'voucher', 'rm5', 'amp', 'cashback', '10']",5,Indonesia
2020-08-25 09:26:14+00:00,1298189934184943617,"@Daisyyscarve Thank youğŸ¤—

ğŸ‡²ğŸ‡¾LOCAL SKINCARE BUAT MERDEKA SALEğŸ‡²ğŸ‡¾

ğŸ”´Mimpimika
ğŸ”´Alluskin

ğŸŒ»Free giftğŸ
ğŸŒ»Free PostageğŸš—
ğŸŒ»Fast ShippingğŸ“¦

You should give a try and proud to our local brandğŸ‡²ğŸ‡¾ #supportlocal

Check out my Shopee Now! Ada Free Voucher RM5 &amp; Cashback 10%ğŸ˜
https://t.co/ynoByOKLsd https://t.co/4YWJ9UHcYx",aqilddin,"Malacca, Malaysia",0,0,0,0,"follow your dreams ğŸ’« 
@localshelfmy
Agent Mimpimika Melaka hereâ˜ºï¸
msha.ke/localshelf.my",455,['supportlocal'],thank you local skincare buat merdeka sale mimpimika alluskin free gift free postage fast shipping you should give a try and proud to our local brand supportlocal check out my shopee now ada free voucher rm5 amp cashback 10,"['thank', 'you', 'local', 'skincare', 'buat', 'merdeka', 'sale', 'mimpimika', 'alluskin', 'free', 'gift', 'free', 'postage', 'fast', 'shipping', 'you', 'should', 'give', 'a', 'try', 'and', 'proud', 'to', 'our', 'local', 'brand', 'supportlocal', 'check', 'out', 'my', 'shopee', 'now', 'ada', 'free', 'voucher', 'rm5', 'amp', 'cashback', '10']","['thank', 'local', 'skincare', 'buat', 'merdeka', 'sale', 'mimpimika', 'alluskin', 'free', 'gift', 'free', 'postage', 'fast', 'shipping', 'give', 'try', 'proud', 'local', 'brand', 'supportlocal', 'check', 'shopee', 'ada', 'free', 'voucher', 'rm5', 'amp', 'cashback', '10']","['thank', 'local', 'skincar', 'buat', 'merdeka', 'sale', 'mimpimika', 'alluskin', 'free', 'gift', 'free', 'postag', 'fast', 'ship', 'give', 'tri', 'proud', 'local', 'brand', 'supportloc', 'check', 'shope', 'ada', 'free', 'voucher', 'rm5', 'amp', 'cashback', '10']","['thank', 'local', 'skincare', 'buat', 'merdeka', 'sale', 'mimpimika', 'alluskin', 'free', 'gift', 'free', 'postage', 'fast', 'shipping', 'give', 'try', 'proud', 'local', 'brand', 'supportlocal', 'check', 'shopee', 'ada', 'free', 'voucher', 'rm5', 'amp', 'cashback', '10']",5,Indonesia
2020-08-25 09:25:43+00:00,1298189803779846146,"@ArishaSaufi Thank youğŸ¤—

ğŸ‡²ğŸ‡¾LOCAL SKINCARE BUAT MERDEKA SALEğŸ‡²ğŸ‡¾

ğŸ”´Mimpimika
ğŸ”´Alluskin

ğŸŒ»Free giftğŸ
ğŸŒ»Free PostageğŸš—
ğŸŒ»Fast ShippingğŸ“¦

You should give a try and proud to our local brandğŸ‡²ğŸ‡¾ #supportlocal

Check out my Shopee Now! Ada Free Voucher RM5 &amp; Cashback 10%ğŸ˜
https://t.co/ynoByOKLsd https://t.co/8ohp4EiEkH",aqilddin,"Malacca, Malaysia",0,0,1,0,"follow your dreams ğŸ’« 
@localshelfmy
Agent Mimpimika Melaka hereâ˜ºï¸
msha.ke/localshelf.my",455,['supportlocal'],thank you local skincare buat merdeka sale mimpimika alluskin free gift free postage fast shipping you should give a try and proud to our local brand supportlocal check out my shopee now ada free voucher rm5 amp cashback 10,"['thank', 'you', 'local', 'skincare', 'buat', 'merdeka', 'sale', 'mimpimika', 'alluskin', 'free', 'gift', 'free', 'postage', 'fast', 'shipping', 'you', 'should', 'give', 'a', 'try', 'and', 'proud', 'to', 'our', 'local', 'brand', 'supportlocal', 'check', 'out', 'my', 'shopee', 'now', 'ada', 'free', 'voucher', 'rm5', 'amp', 'cashback', '10']","['thank', 'local', 'skincare', 'buat', 'merdeka', 'sale', 'mimpimika', 'alluskin', 'free', 'gift', 'free', 'postage', 'fast', 'shipping', 'give', 'try', 'proud', 'local', 'brand', 'supportlocal', 'check', 'shopee', 'ada', 'free', 'voucher', 'rm5', 'amp', 'cashback', '10']","['thank', 'local', 'skincar', 'buat', 'merdeka', 'sale', 'mimpimika', 'alluskin', 'free', 'gift', 'free', 'postag', 'fast', 'ship', 'give', 'tri', 'proud', 'local', 'brand', 'supportloc', 'check', 'shope', 'ada', 'free', 'voucher', 'rm5', 'amp', 'cashback', '10']","['thank', 'local', 'skincare', 'buat', 'merdeka', 'sale', 'mimpimika', 'alluskin', 'free', 'gift', 'free', 'postage', 'fast', 'shipping', 'give', 'try', 'proud', 'local', 'brand', 'supportlocal', 'check', 'shopee', 'ada', 'free', 'voucher', 'rm5', 'amp', 'cashback', '10']",5,Indonesia
2020-08-25 03:54:29+00:00,1298106447398494209,"@jannahreduan_ Thank youğŸ¤—

ğŸ‡²ğŸ‡¾LOCAL SKINCARE BUAT MERDEKA SALEğŸ‡²ğŸ‡¾

ğŸ”´Mimpimika
ğŸ”´Alluskin

ğŸŒ»Free giftğŸ
ğŸŒ»Free PostageğŸš—
ğŸŒ»Fast ShippingğŸ“¦

You should give a try and proud to our local brandğŸ‡²ğŸ‡¾ #supportlocal

Check out my Shopee Now! Ada Free Voucher RM5 &amp; Cashback 10%ğŸ˜
https://t.co/ynoByOKLsd https://t.co/29oKwN2Uxl",aqilddin,"Malacca, Malaysia",0,0,0,0,"follow your dreams ğŸ’« 
@localshelfmy
Agent Mimpimika Melaka hereâ˜ºï¸
msha.ke/localshelf.my",455,['supportlocal'],thank you local skincare buat merdeka sale mimpimika alluskin free gift free postage fast shipping you should give a try and proud to our local brand supportlocal check out my shopee now ada free voucher rm5 amp cashback 10,"['thank', 'you', 'local', 'skincare', 'buat', 'merdeka', 'sale', 'mimpimika', 'alluskin', 'free', 'gift', 'free', 'postage', 'fast', 'shipping', 'you', 'should', 'give', 'a', 'try', 'and', 'proud', 'to', 'our', 'local', 'brand', 'supportlocal', 'check', 'out', 'my', 'shopee', 'now', 'ada', 'free', 'voucher', 'rm5', 'amp', 'cashback', '10']","['thank', 'local', 'skincare', 'buat', 'merdeka', 'sale', 'mimpimika', 'alluskin', 'free', 'gift', 'free', 'postage', 'fast', 'shipping', 'give', 'try', 'proud', 'local', 'brand', 'supportlocal', 'check', 'shopee', 'ada', 'free', 'voucher', 'rm5', 'amp', 'cashback', '10']","['thank', 'local', 'skincar', 'buat', 'merdeka', 'sale', 'mimpimika', 'alluskin', 'free', 'gift', 'free', 'postag', 'fast', 'ship', 'give', 'tri', 'proud', 'local', 'brand', 'supportloc', 'check', 'shope', 'ada', 'free', 'voucher', 'rm5', 'amp', 'cashback', '10']","['thank', 'local', 'skincare', 'buat', 'merdeka', 'sale', 'mimpimika', 'alluskin', 'free', 'gift', 'free', 'postage', 'fast', 'shipping', 'give', 'try', 'proud', 'local', 'brand', 'supportlocal', 'check', 'shopee', 'ada', 'free', 'voucher', 'rm5', 'amp', 'cashback', '10']",5,Indonesia
2020-08-25 03:54:00+00:00,1298106326988382208,"@FezalMohd Thank youğŸ¤—

ğŸ‡²ğŸ‡¾LOCAL SKINCARE BUAT MERDEKA SALEğŸ‡²ğŸ‡¾

ğŸ”´Mimpimika
ğŸ”´Alluskin

ğŸŒ»Free giftğŸ
ğŸŒ»Free PostageğŸš—
ğŸŒ»Fast ShippingğŸ“¦

You should give a try and proud to our local brandğŸ‡²ğŸ‡¾ #supportlocal

Check out my Shopee Now! Ada Free Voucher RM5 &amp; Cashback 10%ğŸ˜
https://t.co/ynoByOKLsd https://t.co/jGItOHYUQn",aqilddin,"Malacca, Malaysia",0,0,0,0,"follow your dreams ğŸ’« 
@localshelfmy
Agent Mimpimika Melaka hereâ˜ºï¸
msha.ke/localshelf.my",455,['supportlocal'],thank you local skincare buat merdeka sale mimpimika alluskin free gift free postage fast shipping you should give a try and proud to our local brand supportlocal check out my shopee now ada free voucher rm5 amp cashback 10,"['thank', 'you', 'local', 'skincare', 'buat', 'merdeka', 'sale', 'mimpimika', 'alluskin', 'free', 'gift', 'free', 'postage', 'fast', 'shipping', 'you', 'should', 'give', 'a', 'try', 'and', 'proud', 'to', 'our', 'local', 'brand', 'supportlocal', 'check', 'out', 'my', 'shopee', 'now', 'ada', 'free', 'voucher', 'rm5', 'amp', 'cashback', '10']","['thank', 'local', 'skincare', 'buat', 'merdeka', 'sale', 'mimpimika', 'alluskin', 'free', 'gift', 'free', 'postage', 'fast', 'shipping', 'give', 'try', 'proud', 'local', 'brand', 'supportlocal', 'check', 'shopee', 'ada', 'free', 'voucher', 'rm5', 'amp', 'cashback', '10']","['thank', 'local', 'skincar', 'buat', 'merdeka', 'sale', 'mimpimika', 'alluskin', 'free', 'gift', 'free', 'postag', 'fast', 'ship', 'give', 'tri', 'proud', 'local', 'brand', 'supportloc', 'check', 'shope', 'ada', 'free', 'voucher', 'rm5', 'amp', 'cashback', '10']","['thank', 'local', 'skincare', 'buat', 'merdeka', 'sale', 'mimpimika', 'alluskin', 'free', 'gift', 'free', 'postage', 'fast', 'shipping', 'give', 'try', 'proud', 'local', 'brand', 'supportlocal', 'check', 'shopee', 'ada', 'free', 'voucher', 'rm5', 'amp', 'cashback', '10']",5,Indonesia
2020-08-25 03:53:43+00:00,1298106256561848321,"@thefarahs__ @freeRT_my @malaysiafreeRT @FreeRTutksemua Thank youğŸ¤—

ğŸ‡²ğŸ‡¾LOCAL SKINCARE BUAT MERDEKA SALEğŸ‡²ğŸ‡¾

ğŸ”´Mimpimika
ğŸ”´Alluskin

ğŸŒ»Free giftğŸ
ğŸŒ»Free PostageğŸš—
ğŸŒ»Fast ShippingğŸ“¦

You should give a try and proud to our local brandğŸ‡²ğŸ‡¾ #supportlocal

Check out my Shopee Now! Ada Free Voucher RM5 &amp; Cashback 10%ğŸ˜
https://t.co/ynoByOKLsd https://t.co/FevaP00Bzl",aqilddin,"Malacca, Malaysia",0,0,0,0,"follow your dreams ğŸ’« 
@localshelfmy
Agent Mimpimika Melaka hereâ˜ºï¸
msha.ke/localshelf.my",455,['supportlocal'],thank you local skincare buat merdeka sale mimpimika alluskin free gift free postage fast shipping you should give a try and proud to our local brand supportlocal check out my shopee now ada free voucher rm5 amp cashback 10,"['thank', 'you', 'local', 'skincare', 'buat', 'merdeka', 'sale', 'mimpimika', 'alluskin', 'free', 'gift', 'free', 'postage', 'fast', 'shipping', 'you', 'should', 'give', 'a', 'try', 'and', 'proud', 'to', 'our', 'local', 'brand', 'supportlocal', 'check', 'out', 'my', 'shopee', 'now', 'ada', 'free', 'voucher', 'rm5', 'amp', 'cashback', '10']","['thank', 'local', 'skincare', 'buat', 'merdeka', 'sale', 'mimpimika', 'alluskin', 'free', 'gift', 'free', 'postage', 'fast', 'shipping', 'give', 'try', 'proud', 'local', 'brand', 'supportlocal', 'check', 'shopee', 'ada', 'free', 'voucher', 'rm5', 'amp', 'cashback', '10']","['thank', 'local', 'skincar', 'buat', 'merdeka', 'sale', 'mimpimika', 'alluskin', 'free', 'gift', 'free', 'postag', 'fast', 'ship', 'give', 'tri', 'proud', 'local', 'brand', 'supportloc', 'check', 'shope', 'ada', 'free', 'voucher', 'rm5', 'amp', 'cashback', '10']","['thank', 'local', 'skincare', 'buat', 'merdeka', 'sale', 'mimpimika', 'alluskin', 'free', 'gift', 'free', 'postage', 'fast', 'shipping', 'give', 'try', 'proud', 'local', 'brand', 'supportlocal', 'check', 'shopee', 'ada', 'free', 'voucher', 'rm5', 'amp', 'cashback', '10']",5,Indonesia
2020-08-25 03:53:25+00:00,1298106179097227264,"@rinnofficiall Thank youğŸ¤—

ğŸ‡²ğŸ‡¾LOCAL SKINCARE BUAT MERDEKA SALEğŸ‡²ğŸ‡¾

ğŸ”´Mimpimika
ğŸ”´Alluskin

ğŸŒ»Free giftğŸ
ğŸŒ»Free PostageğŸš—
ğŸŒ»Fast ShippingğŸ“¦

You should give a try and proud to our local brandğŸ‡²ğŸ‡¾ #supportlocal

Check out my Shopee Now! Ada Free Voucher RM5 &amp; Cashback 10%ğŸ˜
https://t.co/ynoByOKLsd https://t.co/GIovzowixV",aqilddin,"Malacca, Malaysia",1,0,0,0,"follow your dreams ğŸ’« 
@localshelfmy
Agent Mimpimika Melaka hereâ˜ºï¸
msha.ke/localshelf.my",455,['supportlocal'],thank you local skincare buat merdeka sale mimpimika alluskin free gift free postage fast shipping you should give a try and proud to our local brand supportlocal check out my shopee now ada free voucher rm5 amp cashback 10,"['thank', 'you', 'local', 'skincare', 'buat', 'merdeka', 'sale', 'mimpimika', 'alluskin', 'free', 'gift', 'free', 'postage', 'fast', 'shipping', 'you', 'should', 'give', 'a', 'try', 'and', 'proud', 'to', 'our', 'local', 'brand', 'supportlocal', 'check', 'out', 'my', 'shopee', 'now', 'ada', 'free', 'voucher', 'rm5', 'amp', 'cashback', '10']","['thank', 'local', 'skincare', 'buat', 'merdeka', 'sale', 'mimpimika', 'alluskin', 'free', 'gift', 'free', 'postage', 'fast', 'shipping', 'give', 'try', 'proud', 'local', 'brand', 'supportlocal', 'check', 'shopee', 'ada', 'free', 'voucher', 'rm5', 'amp', 'cashback', '10']","['thank', 'local', 'skincar', 'buat', 'merdeka', 'sale', 'mimpimika', 'alluskin', 'free', 'gift', 'free', 'postag', 'fast', 'ship', 'give', 'tri', 'proud', 'local', 'brand', 'supportloc', 'check', 'shope', 'ada', 'free', 'voucher', 'rm5', 'amp', 'cashback', '10']","['thank', 'local', 'skincare', 'buat', 'merdeka', 'sale', 'mimpimika', 'alluskin', 'free', 'gift', 'free', 'postage', 'fast', 'shipping', 'give', 'try', 'proud', 'local', 'brand', 'supportlocal', 'check', 'shopee', 'ada', 'free', 'voucher', 'rm5', 'amp', 'cashback', '10']",5,Indonesia
2020-08-24 12:32:20+00:00,1297874379536084995,"@shanuraziwm Thank youğŸ¤—

ğŸ‡²ğŸ‡¾LOCAL SKINCARE BUAT MERDEKA SALE ğŸ‡²ğŸ‡¾

ğŸ”´Mimpimika
ğŸ”´Alluskin

ğŸŒ»Free giftğŸ
ğŸŒ»Free PostageğŸš—
ğŸŒ»Fast ShippingğŸ“¦

You should give a try and proud to our local brandğŸ‡²ğŸ‡¾ #supportlocal

Check out my Shopee Now! Ada Free Voucher RM5 &amp; Cashback 10%ğŸ˜
https://t.co/ynoByOKLsd https://t.co/OuYMed7q6L",aqilddin,"Malacca, Malaysia",0,0,0,0,"follow your dreams ğŸ’« 
@localshelfmy
Agent Mimpimika Melaka hereâ˜ºï¸
msha.ke/localshelf.my",455,['supportlocal'],thank you local skincare buat merdeka sale mimpimika alluskin free gift free postage fast shipping you should give a try and proud to our local brand supportlocal check out my shopee now ada free voucher rm5 amp cashback 10,"['thank', 'you', 'local', 'skincare', 'buat', 'merdeka', 'sale', 'mimpimika', 'alluskin', 'free', 'gift', 'free', 'postage', 'fast', 'shipping', 'you', 'should', 'give', 'a', 'try', 'and', 'proud', 'to', 'our', 'local', 'brand', 'supportlocal', 'check', 'out', 'my', 'shopee', 'now', 'ada', 'free', 'voucher', 'rm5', 'amp', 'cashback', '10']","['thank', 'local', 'skincare', 'buat', 'merdeka', 'sale', 'mimpimika', 'alluskin', 'free', 'gift', 'free', 'postage', 'fast', 'shipping', 'give', 'try', 'proud', 'local', 'brand', 'supportlocal', 'check', 'shopee', 'ada', 'free', 'voucher', 'rm5', 'amp', 'cashback', '10']","['thank', 'local', 'skincar', 'buat', 'merdeka', 'sale', 'mimpimika', 'alluskin', 'free', 'gift', 'free', 'postag', 'fast', 'ship', 'give', 'tri', 'proud', 'local', 'brand', 'supportloc', 'check', 'shope', 'ada', 'free', 'voucher', 'rm5', 'amp', 'cashback', '10']","['thank', 'local', 'skincare', 'buat', 'merdeka', 'sale', 'mimpimika', 'alluskin', 'free', 'gift', 'free', 'postage', 'fast', 'shipping', 'give', 'try', 'proud', 'local', 'brand', 'supportlocal', 'check', 'shopee', 'ada', 'free', 'voucher', 'rm5', 'amp', 'cashback', '10']",5,Indonesia
2020-08-24 12:31:59+00:00,1297874291690635265,"@chantektudungs Thank youğŸ¤—

ğŸ‡²ğŸ‡¾LOCAL SKINCARE BUAT MERDEKA SALE ğŸ‡²ğŸ‡¾

ğŸ”´Mimpimika
ğŸ”´Alluskin

ğŸŒ»Free giftğŸ
ğŸŒ»Free PostageğŸš—
ğŸŒ»Fast ShippingğŸ“¦

You should give a try and proud to our local brandğŸ‡²ğŸ‡¾ #supportlocal

Check out my Shopee Now! Ada Free Voucher RM5 &amp; Cashback 10%ğŸ˜
https://t.co/ynoByOKLsd https://t.co/xN7IETO7vC",aqilddin,"Malacca, Malaysia",0,0,0,0,"follow your dreams ğŸ’« 
@localshelfmy
Agent Mimpimika Melaka hereâ˜ºï¸
msha.ke/localshelf.my",455,['supportlocal'],thank you local skincare buat merdeka sale mimpimika alluskin free gift free postage fast shipping you should give a try and proud to our local brand supportlocal check out my shopee now ada free voucher rm5 amp cashback 10,"['thank', 'you', 'local', 'skincare', 'buat', 'merdeka', 'sale', 'mimpimika', 'alluskin', 'free', 'gift', 'free', 'postage', 'fast', 'shipping', 'you', 'should', 'give', 'a', 'try', 'and', 'proud', 'to', 'our', 'local', 'brand', 'supportlocal', 'check', 'out', 'my', 'shopee', 'now', 'ada', 'free', 'voucher', 'rm5', 'amp', 'cashback', '10']","['thank', 'local', 'skincare', 'buat', 'merdeka', 'sale', 'mimpimika', 'alluskin', 'free', 'gift', 'free', 'postage', 'fast', 'shipping', 'give', 'try', 'proud', 'local', 'brand', 'supportlocal', 'check', 'shopee', 'ada', 'free', 'voucher', 'rm5', 'amp', 'cashback', '10']","['thank', 'local', 'skincar', 'buat', 'merdeka', 'sale', 'mimpimika', 'alluskin', 'free', 'gift', 'free', 'postag', 'fast', 'ship', 'give', 'tri', 'proud', 'local', 'brand', 'supportloc', 'check', 'shope', 'ada', 'free', 'voucher', 'rm5', 'amp', 'cashback', '10']","['thank', 'local', 'skincare', 'buat', 'merdeka', 'sale', 'mimpimika', 'alluskin', 'free', 'gift', 'free', 'postage', 'fast', 'shipping', 'give', 'try', 'proud', 'local', 'brand', 'supportlocal', 'check', 'shopee', 'ada', 'free', 'voucher', 'rm5', 'amp', 'cashback', '10']",5,Indonesia
2020-08-24 12:31:22+00:00,1297874138460123137,"@seserrahh Thank youğŸ¤—

ğŸ‡²ğŸ‡¾LOCAL SKINCARE BUAT MERDEKA SALE ğŸ‡²ğŸ‡¾

ğŸ”´Mimpimika
ğŸ”´Alluskin

ğŸŒ»Free giftğŸ
ğŸŒ»Free PostageğŸš—
ğŸŒ»Fast ShippingğŸ“¦

You should give a try and proud to our local brandğŸ‡²ğŸ‡¾ #supportlocal

Check out my Shopee Now! Ada Free Voucher RM5 &amp; Cashback 10%ğŸ˜
https://t.co/ynoByOKLsd https://t.co/5RyggkEG31",aqilddin,"Malacca, Malaysia",0,0,0,0,"follow your dreams ğŸ’« 
@localshelfmy
Agent Mimpimika Melaka hereâ˜ºï¸
msha.ke/localshelf.my",455,['supportlocal'],thank you local skincare buat merdeka sale mimpimika alluskin free gift free postage fast shipping you should give a try and proud to our local brand supportlocal check out my shopee now ada free voucher rm5 amp cashback 10,"['thank', 'you', 'local', 'skincare', 'buat', 'merdeka', 'sale', 'mimpimika', 'alluskin', 'free', 'gift', 'free', 'postage', 'fast', 'shipping', 'you', 'should', 'give', 'a', 'try', 'and', 'proud', 'to', 'our', 'local', 'brand', 'supportlocal', 'check', 'out', 'my', 'shopee', 'now', 'ada', 'free', 'voucher', 'rm5', 'amp', 'cashback', '10']","['thank', 'local', 'skincare', 'buat', 'merdeka', 'sale', 'mimpimika', 'alluskin', 'free', 'gift', 'free', 'postage', 'fast', 'shipping', 'give', 'try', 'proud', 'local', 'brand', 'supportlocal', 'check', 'shopee', 'ada', 'free', 'voucher', 'rm5', 'amp', 'cashback', '10']","['thank', 'local', 'skincar', 'buat', 'merdeka', 'sale', 'mimpimika', 'alluskin', 'free', 'gift', 'free', 'postag', 'fast', 'ship', 'give', 'tri', 'proud', 'local', 'brand', 'supportloc', 'check', 'shope', 'ada', 'free', 'voucher', 'rm5', 'amp', 'cashback', '10']","['thank', 'local', 'skincare', 'buat', 'merdeka', 'sale', 'mimpimika', 'alluskin', 'free', 'gift', 'free', 'postage', 'fast', 'shipping', 'give', 'try', 'proud', 'local', 'brand', 'supportlocal', 'check', 'shopee', 'ada', 'free', 'voucher', 'rm5', 'amp', 'cashback', '10']",5,Indonesia
2020-08-24 12:30:22+00:00,1297873885254184961,"@amrizdnsf Thank youğŸ¤—

ğŸ‡²ğŸ‡¾LOCAL SKINCARE BUAT MERDEKA SALE ğŸ‡²ğŸ‡¾

ğŸ”´Mimpimika
ğŸ”´Alluskin

ğŸŒ»Free giftğŸ
ğŸŒ»Free PostageğŸš—
ğŸŒ»Fast ShippingğŸ“¦

You should give a try and proud to our local brandğŸ‡²ğŸ‡¾ #supportlocal

Check out my Shopee Now! Ada Free Voucher RM5 &amp; Cashback 10%ğŸ˜
https://t.co/ynoByOKLsd https://t.co/ojQqOv7hL8",aqilddin,"Malacca, Malaysia",1,0,1,0,"follow your dreams ğŸ’« 
@localshelfmy
Agent Mimpimika Melaka hereâ˜ºï¸
msha.ke/localshelf.my",455,['supportlocal'],thank you local skincare buat merdeka sale mimpimika alluskin free gift free postage fast shipping you should give a try and proud to our local brand supportlocal check out my shopee now ada free voucher rm5 amp cashback 10,"['thank', 'you', 'local', 'skincare', 'buat', 'merdeka', 'sale', 'mimpimika', 'alluskin', 'free', 'gift', 'free', 'postage', 'fast', 'shipping', 'you', 'should', 'give', 'a', 'try', 'and', 'proud', 'to', 'our', 'local', 'brand', 'supportlocal', 'check', 'out', 'my', 'shopee', 'now', 'ada', 'free', 'voucher', 'rm5', 'amp', 'cashback', '10']","['thank', 'local', 'skincare', 'buat', 'merdeka', 'sale', 'mimpimika', 'alluskin', 'free', 'gift', 'free', 'postage', 'fast', 'shipping', 'give', 'try', 'proud', 'local', 'brand', 'supportlocal', 'check', 'shopee', 'ada', 'free', 'voucher', 'rm5', 'amp', 'cashback', '10']","['thank', 'local', 'skincar', 'buat', 'merdeka', 'sale', 'mimpimika', 'alluskin', 'free', 'gift', 'free', 'postag', 'fast', 'ship', 'give', 'tri', 'proud', 'local', 'brand', 'supportloc', 'check', 'shope', 'ada', 'free', 'voucher', 'rm5', 'amp', 'cashback', '10']","['thank', 'local', 'skincare', 'buat', 'merdeka', 'sale', 'mimpimika', 'alluskin', 'free', 'gift', 'free', 'postage', 'fast', 'shipping', 'give', 'try', 'proud', 'local', 'brand', 'supportlocal', 'check', 'shopee', 'ada', 'free', 'voucher', 'rm5', 'amp', 'cashback', '10']",5,Indonesia
2020-08-24 12:29:25+00:00,1297873649328746496,"@bgrp_byqil @FreeRTutksemua @RTNiaga @viralbisneskl @haikyu_com @sao_anime @Anime Thank youğŸ¤—

ğŸ‡²ğŸ‡¾LOCAL SKINCARE BUAT MERDEKA SALEğŸ‡²ğŸ‡¾

ğŸ”´Mimpimika
ğŸ”´Alluskin

ğŸŒ»Free giftğŸ
ğŸŒ»Free PostageğŸš—
ğŸŒ»Fast ShippingğŸ“¦

You should give a try and proud to our local brandğŸ‡²ğŸ‡¾ #supportlocal

Check out my Shopee Now! Ada Free Voucher RM5 &amp; Cashback 10%ğŸ˜
https://t.co/ynoByOKLsd https://t.co/7RDXDce90P",aqilddin,"Malacca, Malaysia",0,0,0,0,"follow your dreams ğŸ’« 
@localshelfmy
Agent Mimpimika Melaka hereâ˜ºï¸
msha.ke/localshelf.my",455,['supportlocal'],thank you local skincare buat merdeka sale mimpimika alluskin free gift free postage fast shipping you should give a try and proud to our local brand supportlocal check out my shopee now ada free voucher rm5 amp cashback 10,"['thank', 'you', 'local', 'skincare', 'buat', 'merdeka', 'sale', 'mimpimika', 'alluskin', 'free', 'gift', 'free', 'postage', 'fast', 'shipping', 'you', 'should', 'give', 'a', 'try', 'and', 'proud', 'to', 'our', 'local', 'brand', 'supportlocal', 'check', 'out', 'my', 'shopee', 'now', 'ada', 'free', 'voucher', 'rm5', 'amp', 'cashback', '10']","['thank', 'local', 'skincare', 'buat', 'merdeka', 'sale', 'mimpimika', 'alluskin', 'free', 'gift', 'free', 'postage', 'fast', 'shipping', 'give', 'try', 'proud', 'local', 'brand', 'supportlocal', 'check', 'shopee', 'ada', 'free', 'voucher', 'rm5', 'amp', 'cashback', '10']","['thank', 'local', 'skincar', 'buat', 'merdeka', 'sale', 'mimpimika', 'alluskin', 'free', 'gift', 'free', 'postag', 'fast', 'ship', 'give', 'tri', 'proud', 'local', 'brand', 'supportloc', 'check', 'shope', 'ada', 'free', 'voucher', 'rm5', 'amp', 'cashback', '10']","['thank', 'local', 'skincare', 'buat', 'merdeka', 'sale', 'mimpimika', 'alluskin', 'free', 'gift', 'free', 'postage', 'fast', 'shipping', 'give', 'try', 'proud', 'local', 'brand', 'supportlocal', 'check', 'shopee', 'ada', 'free', 'voucher', 'rm5', 'amp', 'cashback', '10']",5,Indonesia
2020-05-08 07:04:51+00:00,1258654076058980353,"""Milk products Gift Voucher"" in #Singapore #Singapore https://t.co/wLyPuLU1YO #zerowaste #free",WhatsOnOLIO,,0,0,0,0,"OLIO's Little Helper here letting you know about all the items being shared on the @OLIO_ex app. ğŸ¥•

Download the free app today and start sharing! :)",1116,"['Singapore', 'Singapore', 'zerowaste', 'free']",milk products gift voucher in singapore singapore zerowaste free,"['milk', 'products', 'gift', 'voucher', 'in', 'singapore', 'singapore', 'zerowaste', 'free']","['milk', 'products', 'gift', 'voucher', 'singapore', 'singapore', 'zerowaste', 'free']","['milk', 'product', 'gift', 'voucher', 'singapor', 'singapor', 'zerowast', 'free']","['milk', 'products', 'gift', 'voucher', 'singapore', 'singapore', 'zerowaste', 'free']",5,Indonesia
2022-06-05 04:09:34+00:00,1533299966805876736,How come girls get care packages when they got covid damn bloody sexist,brckn,Singapore,4,1,0,0,Fuck Barber at Grease Monkey Barber Garage BOOK AN APPOINTMENT NOW! â¬‡ï¸â¬‡ï¸,539,,how come girls get care packages when they got covid damn bloody sexist,"['how', 'come', 'girls', 'get', 'care', 'packages', 'when', 'they', 'got', 'covid', 'damn', 'bloody', 'sexist']","['come', 'girls', 'get', 'care', 'packages', 'got', 'covid', 'damn', 'bloody', 'sexist']","['come', 'girl', 'get', 'care', 'packag', 'got', 'covid', 'damn', 'bloodi', 'sexist']","['come', 'girls', 'get', 'care', 'packages', 'got', 'covid', 'damn', 'bloody', 'sexist']",1,Indonesia
2022-02-28 09:47:41+00:00,1498233437437661185,"Yeah, coz part of Covid care package lol https://t.co/BfQfVD46rm",kosherjellyfish,Singapore!,0,0,0,0,INFP. Scatterbrain. Programmer (mostly Web). Cat-Annoyer. Flexitarian. Expect random tweets because my interests are varied.,960,,yeah coz part of covid care package lol,"['yeah', 'coz', 'part', 'of', 'covid', 'care', 'package', 'lol']","['yeah', 'coz', 'part', 'covid', 'care', 'package', 'lol']","['yeah', 'coz', 'part', 'covid', 'care', 'packag', 'lol']","['yeah', 'coz', 'part', 'covid', 'care', 'package', 'lol']",5,Indonesia
2020-04-29 04:08:01+00:00,1255348087452770304,"""Any COVID-19-related restrictions shouldnâ€™t significantly hinder aid groupsâ€™ ability to provide food, water, health care, and protection."" https://t.co/2PUeInD3cK",bedlamfury,Malaysia,0,0,1,0,"A petani (farmer), traveller and a creature seeking the ultimate response to a dying age of reason and compassion.",5121,,any covid19related restrictions shouldnt significantly hinder aid groups ability to provide food water health care and protection,"['any', 'covid19related', 'restrictions', 'shouldnt', 'significantly', 'hinder', 'aid', 'groups', 'ability', 'to', 'provide', 'food', 'water', 'health', 'care', 'and', 'protection']","['covid19related', 'restrictions', 'shouldnt', 'significantly', 'hinder', 'aid', 'groups', 'ability', 'provide', 'food', 'water', 'health', 'care', 'protection']","['covid19rel', 'restrict', 'shouldnt', 'significantli', 'hinder', 'aid', 'group', 'abil', 'provid', 'food', 'water', 'health', 'care', 'protect']","['covid19related', 'restrictions', 'shouldnt', 'significantly', 'hinder', 'aid', 'groups', 'ability', 'provide', 'food', 'water', 'health', 'care', 'protection']",3,Indonesia
2020-04-28 02:22:02+00:00,1254959026921562112,"""Any Covid-19-related restrictions shouldnâ€™t significantly hinder aid groupsâ€™ ability to provide food, water, health care, and protection.""
https://t.co/YobWRWRU5x",bedlamfury,Malaysia,0,0,1,0,"A petani (farmer), traveller and a creature seeking the ultimate response to a dying age of reason and compassion.",5121,,any covid19related restrictions shouldnt significantly hinder aid groups ability to provide food water health care and protection,"['any', 'covid19related', 'restrictions', 'shouldnt', 'significantly', 'hinder', 'aid', 'groups', 'ability', 'to', 'provide', 'food', 'water', 'health', 'care', 'and', 'protection']","['covid19related', 'restrictions', 'shouldnt', 'significantly', 'hinder', 'aid', 'groups', 'ability', 'provide', 'food', 'water', 'health', 'care', 'protection']","['covid19rel', 'restrict', 'shouldnt', 'significantli', 'hinder', 'aid', 'group', 'abil', 'provid', 'food', 'water', 'health', 'care', 'protect']","['covid19related', 'restrictions', 'shouldnt', 'significantly', 'hinder', 'aid', 'groups', 'ability', 'provide', 'food', 'water', 'health', 'care', 'protection']",3,Indonesia
2020-04-24 12:31:23+00:00,1253662824275906560,"@leehsienloong As u all know that pregnancy is God's gift,Iam now 28 weeks pregnant lady working in https://t.co/azczWqrGw8 per doctors suggestion,I must be back to India before 30 weeks for delivery.because of covid 19, don't have any flights and doctor recommended better not to",kamal_sk21,Singapore,1,1,0,0,struggling,27,,as u all know that pregnancy is gods giftiam now 28 weeks pregnant lady working in per doctors suggestioni must be back to india before 30 weeks for deliverybecause of covid 19 dont have any flights and doctor recommended better not to,"['as', 'u', 'all', 'know', 'that', 'pregnancy', 'is', 'gods', 'giftiam', 'now', '28', 'weeks', 'pregnant', 'lady', 'working', 'in', 'per', 'doctors', 'suggestioni', 'must', 'be', 'back', 'to', 'india', 'before', '30', 'weeks', 'for', 'deliverybecause', 'of', 'covid', '19', 'dont', 'have', 'any', 'flights', 'and', 'doctor', 'recommended', 'better', 'not', 'to']","['u', 'know', 'pregnancy', 'gods', 'giftiam', '28', 'weeks', 'pregnant', 'lady', 'working', 'per', 'doctors', 'suggestioni', 'must', 'back', 'india', '30', 'weeks', 'deliverybecause', 'covid', '19', 'dont', 'flights', 'doctor', 'recommended', 'better']","['u', 'know', 'pregnanc', 'god', 'giftiam', '28', 'week', 'pregnant', 'ladi', 'work', 'per', 'doctor', 'suggestioni', 'must', 'back', 'india', '30', 'week', 'deliverybecaus', 'covid', '19', 'dont', 'flight', 'doctor', 'recommend', 'better']","['u', 'know', 'pregnancy', 'gods', 'giftiam', '28', 'weeks', 'pregnant', 'lady', 'working', 'per', 'doctors', 'suggestioni', 'must', 'back', 'india', '30', 'weeks', 'deliverybecause', 'covid', '19', 'dont', 'flights', 'doctor', 'recommended', 'better']",1,Indonesia
2021-04-29 03:06:33+00:00,1387604185932173314,"ğŸ‰21st Century x @Qoo10SG Mother's Day Sale

ğŸ›Top 3 Spenders will receive a $50 @sephorasg Gift Card.

Shop Now ğŸ›’: https://t.co/jiG04hSZv7

#21stcenturySG #Qoo10SG #Qoo10 #mothersday #mothersdaysale #probiotics #prebiotics #vitamins #supplements #health #sale #singapore https://t.co/LaHahTGF0A",21stCenturyVits,Singapore,0,0,0,0,Quality Vitamins At Everyday Low Prices,12,"['21stcenturySG', 'Qoo10SG', 'Qoo10', 'mothersday', 'mothersdaysale', 'probiotics', 'prebiotics', 'vitamins', 'supplements', 'health', 'sale', 'singapore']",21st century x mothers day sale top 3 spenders will receive a 50 gift card shop now 21stcenturysg qoo10sg qoo10 mothersday mothersdaysale probiotics prebiotics vitamins supplements health sale singapore,"['21st', 'century', 'x', 'mothers', 'day', 'sale', 'top', '3', 'spenders', 'will', 'receive', 'a', '50', 'gift', 'card', 'shop', 'now', '21stcenturysg', 'qoo10sg', 'qoo10', 'mothersday', 'mothersdaysale', 'probiotics', 'prebiotics', 'vitamins', 'supplements', 'health', 'sale', 'singapore']","['21st', 'century', 'x', 'mothers', 'day', 'sale', 'top', '3', 'spenders', 'receive', '50', 'gift', 'card', 'shop', '21stcenturysg', 'qoo10sg', 'qoo10', 'mothersday', 'mothersdaysale', 'probiotics', 'prebiotics', 'vitamins', 'supplements', 'health', 'sale', 'singapore']","['21st', 'centuri', 'x', 'mother', 'day', 'sale', 'top', '3', 'spender', 'receiv', '50', 'gift', 'card', 'shop', '21stcenturysg', 'qoo10sg', 'qoo10', 'mothersday', 'mothersdaysal', 'probiot', 'prebiot', 'vitamin', 'supplement', 'health', 'sale', 'singapor']","['21st', 'century', 'x', 'mothers', 'day', 'sale', 'top', '3', 'spenders', 'receive', '50', 'gift', 'card', 'shop', '21stcenturysg', 'qoo10sg', 'qoo10', 'mothersday', 'mothersdaysale', 'probiotics', 'prebiotics', 'vitamins', 'supplements', 'health', 'sale', 'singapore']",5,Indonesia
2021-04-23 03:19:47+00:00,1385433190714646539,"ğŸ‰21st Century x @Qoo10SG Mother's Day Sale 

ğŸ›Top 3 Spenders will receive a $50 @sephorasg Gift Card.

Shop Now ğŸ›’: https://t.co/15BNmJouPv

#21stcenturySG #Qoo10SG #Qoo10 #mothersday #mothersdaysale #vitaminc #orange #vitamins #supplements #health #wellness #sale #singapore https://t.co/yz3PSTtZHp",21stCenturyVits,Singapore,0,0,0,0,Quality Vitamins At Everyday Low Prices,12,"['21stcenturySG', 'Qoo10SG', 'Qoo10', 'mothersday', 'mothersdaysale', 'vitaminc', 'orange', 'vitamins', 'supplements', 'health', 'wellness', 'sale', 'singapore']",21st century x mothers day sale top 3 spenders will receive a 50 gift card shop now 21stcenturysg qoo10sg qoo10 mothersday mothersdaysale vitaminc orange vitamins supplements health wellness sale singapore,"['21st', 'century', 'x', 'mothers', 'day', 'sale', 'top', '3', 'spenders', 'will', 'receive', 'a', '50', 'gift', 'card', 'shop', 'now', '21stcenturysg', 'qoo10sg', 'qoo10', 'mothersday', 'mothersdaysale', 'vitaminc', 'orange', 'vitamins', 'supplements', 'health', 'wellness', 'sale', 'singapore']","['21st', 'century', 'x', 'mothers', 'day', 'sale', 'top', '3', 'spenders', 'receive', '50', 'gift', 'card', 'shop', '21stcenturysg', 'qoo10sg', 'qoo10', 'mothersday', 'mothersdaysale', 'vitaminc', 'orange', 'vitamins', 'supplements', 'health', 'wellness', 'sale', 'singapore']","['21st', 'centuri', 'x', 'mother', 'day', 'sale', 'top', '3', 'spender', 'receiv', '50', 'gift', 'card', 'shop', '21stcenturysg', 'qoo10sg', 'qoo10', 'mothersday', 'mothersdaysal', 'vitaminc', 'orang', 'vitamin', 'supplement', 'health', 'well', 'sale', 'singapor']","['21st', 'century', 'x', 'mothers', 'day', 'sale', 'top', '3', 'spenders', 'receive', '50', 'gift', 'card', 'shop', '21stcenturysg', 'qoo10sg', 'qoo10', 'mothersday', 'mothersdaysale', 'vitaminc', 'orange', 'vitamins', 'supplements', 'health', 'wellness', 'sale', 'singapore']",5,Indonesia
2022-06-01 08:24:58+00:00,1531914691337142272,"ğŸ“¢ğŸ’¥BIG Announcement : Creative Selfie Contest Winner of DAY 1 at APHM 2022

And the Lucky winner is...Ms Quek Choon Yen ğŸŠğŸ‰
A Big Congratulations from all of us. ğŸ‘ğŸ‘ğŸ‘

She is the lucky winner to get a PARKSON gift voucher from Nalini Jiva ğŸ

#quasrapp #aphm2022 #healthcare",quasrapp,Singapore,0,0,0,0,Turning Incident reporting into Improvements. Patient Safety Solution for Every Hospital,11,"['quasrapp', 'aphm2022', 'healthcare']",big announcement creative selfie contest winner of day 1 at aphm 2022 and the lucky winner isms quek choon yen a big congratulations from all of us she is the lucky winner to get a parkson gift voucher from nalini jiva quasrapp aphm2022 healthcare,"['big', 'announcement', 'creative', 'selfie', 'contest', 'winner', 'of', 'day', '1', 'at', 'aphm', '2022', 'and', 'the', 'lucky', 'winner', 'isms', 'quek', 'choon', 'yen', 'a', 'big', 'congratulations', 'from', 'all', 'of', 'us', 'she', 'is', 'the', 'lucky', 'winner', 'to', 'get', 'a', 'parkson', 'gift', 'voucher', 'from', 'nalini', 'jiva', 'quasrapp', 'aphm2022', 'healthcare']","['big', 'announcement', 'creative', 'selfie', 'contest', 'winner', 'day', '1', 'aphm', '2022', 'lucky', 'winner', 'isms', 'quek', 'choon', 'yen', 'big', 'congratulations', 'us', 'lucky', 'winner', 'get', 'parkson', 'gift', 'voucher', 'nalini', 'jiva', 'quasrapp', 'aphm2022', 'healthcare']","['big', 'announc', 'creativ', 'selfi', 'contest', 'winner', 'day', '1', 'aphm', '2022', 'lucki', 'winner', 'ism', 'quek', 'choon', 'yen', 'big', 'congratul', 'us', 'lucki', 'winner', 'get', 'parkson', 'gift', 'voucher', 'nalini', 'jiva', 'quasrapp', 'aphm2022', 'healthcar']","['big', 'announcement', 'creative', 'selfie', 'contest', 'winner', 'day', '1', 'aphm', '2022', 'lucky', 'winner', 'isms', 'quek', 'choon', 'yen', 'big', 'congratulations', 'us', 'lucky', 'winner', 'get', 'parkson', 'gift', 'voucher', 'nalini', 'jiva', 'quasrapp', 'aphm2022', 'healthcare']",5,Indonesia
2022-06-06 23:34:50+00:00,1533955604909551618,"Get well soon, #KangDaniel
@konnect_danielk
Love â¤ï¸ you #1000x
Your Smile is the sweetest gift &amp; I wish U well in health &amp; tat u be successful.
4ever n ever I'm with you â¤ï¸ 
https://t.co/LycIYHly3v",_Angie_62,Land of Sun & Rain :),0,0,0,0,"#MyMuseDaniel
#SuperstarKangDaniel
#IdolCeoMCActorKDaniel
#COMCyanMagentaYellow
@Konnect_danielK
#SupportKDaniel100%",112,"['KangDaniel', '1000x']",get well soon kangdaniel love you 1000x your smile is the sweetest gift amp i wish u well in health amp tat u be successful 4ever n ever im with you,"['get', 'well', 'soon', 'kangdaniel', 'love', 'you', '1000x', 'your', 'smile', 'is', 'the', 'sweetest', 'gift', 'amp', 'i', 'wish', 'u', 'well', 'in', 'health', 'amp', 'tat', 'u', 'be', 'successful', '4ever', 'n', 'ever', 'im', 'with', 'you']","['get', 'well', 'soon', 'kangdaniel', 'love', '1000x', 'smile', 'sweetest', 'gift', 'amp', 'wish', 'u', 'well', 'health', 'amp', 'tat', 'u', 'successful', '4ever', 'n', 'ever', 'im']","['get', 'well', 'soon', 'kangdaniel', 'love', '1000x', 'smile', 'sweetest', 'gift', 'amp', 'wish', 'u', 'well', 'health', 'amp', 'tat', 'u', 'success', '4ever', 'n', 'ever', 'im']","['get', 'well', 'soon', 'kangdaniel', 'love', '1000x', 'smile', 'sweetest', 'gift', 'amp', 'wish', 'u', 'well', 'health', 'amp', 'tat', 'u', 'successful', '4ever', 'n', 'ever', 'im']",5,Indonesia
2022-06-05 16:03:50+00:00,1533479717638389760,"Happy Birthday to a sweet girl @titad06 . Good nite but wake up tomorrow full of happiness n good health always k. 
Yr gift...oops...
(clip ctto on yt) https://t.co/lEJHc0LcBJ",cottonO2_erni,Malaysia,2,1,0,0,ğŸ‡²ğŸ‡¾Crazily in love with EXO and things related to them fine boys! #SUHOğŸ™„ #BAEKHYUN ğŸ¶#CHANYEOL #LAY #XIUMIN #KYUNGSOO #KAI #CHEN #SEHUN #EXOğŸ‚,3126,,happy birthday to a sweet girl good nite but wake up tomorrow full of happiness n good health always k yr giftoops clip ctto on yt,"['happy', 'birthday', 'to', 'a', 'sweet', 'girl', 'good', 'nite', 'but', 'wake', 'up', 'tomorrow', 'full', 'of', 'happiness', 'n', 'good', 'health', 'always', 'k', 'yr', 'giftoops', 'clip', 'ctto', 'on', 'yt']","['happy', 'birthday', 'sweet', 'girl', 'good', 'nite', 'wake', 'tomorrow', 'full', 'happiness', 'n', 'good', 'health', 'always', 'k', 'yr', 'giftoops', 'clip', 'ctto', 'yt']","['happi', 'birthday', 'sweet', 'girl', 'good', 'nite', 'wake', 'tomorrow', 'full', 'happi', 'n', 'good', 'health', 'alway', 'k', 'yr', 'giftoop', 'clip', 'ctto', 'yt']","['happy', 'birthday', 'sweet', 'girl', 'good', 'nite', 'wake', 'tomorrow', 'full', 'happiness', 'n', 'good', 'health', 'always', 'k', 'yr', 'giftoops', 'clip', 'ctto', 'yt']",5,Indonesia
2022-06-04 20:30:18+00:00,1533184388829442048,"Alhamdulillah ğŸ™
Thank you very much sir @crypto_pikachu1
and sponsors @NakedPandaCrew
I have received the gift ğŸ˜­ğŸ™
I'm very happy to win here
Hopefully we can win again here, aamiin ğŸ¤²ğŸ™
I wish you more success and health always sirğŸ™

#iwonpikachu https://t.co/d4yUmyuDEb https://t.co/D9nDFI3423",ketimpukRejeki2,"Kalimantan Selatan, Indonesia",3,3,0,0,"bismillah juni dipenuhi congratulations aamiin ğŸ§šâ€â™€ï¸ğŸ€
#TestiBunaR 
#LegitCutieBabeGem #CutieBabers #Cutetesty #jihantesti",963,['iwonpikachu'],alhamdulillah thank you very much sir and sponsors i have received the gift im very happy to win here hopefully we can win again here aamiin i wish you more success and health always sir iwonpikachu,"['alhamdulillah', 'thank', 'you', 'very', 'much', 'sir', 'and', 'sponsors', 'i', 'have', 'received', 'the', 'gift', 'im', 'very', 'happy', 'to', 'win', 'here', 'hopefully', 'we', 'can', 'win', 'again', 'here', 'aamiin', 'i', 'wish', 'you', 'more', 'success', 'and', 'health', 'always', 'sir', 'iwonpikachu']","['alhamdulillah', 'thank', 'much', 'sir', 'sponsors', 'received', 'gift', 'im', 'happy', 'win', 'hopefully', 'win', 'aamiin', 'wish', 'success', 'health', 'always', 'sir', 'iwonpikachu']","['alhamdulillah', 'thank', 'much', 'sir', 'sponsor', 'receiv', 'gift', 'im', 'happi', 'win', 'hope', 'win', 'aamiin', 'wish', 'success', 'health', 'alway', 'sir', 'iwonpikachu']","['alhamdulillah', 'thank', 'much', 'sir', 'sponsors', 'received', 'gift', 'im', 'happy', 'win', 'hopefully', 'win', 'aamiin', 'wish', 'success', 'health', 'always', 'sir', 'iwonpikachu']",5,Indonesia
2022-06-03 12:00:02+00:00,1532693588856819712,"This Dragon Boat Festival, celebrate the joy ğŸ¤— of reunion with a selection of health goods that convey health and enjoyment blessings and are ideal for gifting.

Get them here ğŸ‘‡https://t.co/VTTWeGSh05 https://t.co/XIfqsYYByS",SuperbuyDotMy,Malaysia,0,0,0,0,"Superbuy.my is an online store that provides shoppers a variety of luxury & quality products at affordable prices! It's safe & secure, and so easy to shop!",475,,this dragon boat festival celebrate the joy of reunion with a selection of health goods that convey health and enjoyment blessings and are ideal for gifting get them here,"['this', 'dragon', 'boat', 'festival', 'celebrate', 'the', 'joy', 'of', 'reunion', 'with', 'a', 'selection', 'of', 'health', 'goods', 'that', 'convey', 'health', 'and', 'enjoyment', 'blessings', 'and', 'are', 'ideal', 'for', 'gifting', 'get', 'them', 'here']","['dragon', 'boat', 'festival', 'celebrate', 'joy', 'reunion', 'selection', 'health', 'goods', 'convey', 'health', 'enjoyment', 'blessings', 'ideal', 'gifting', 'get']","['dragon', 'boat', 'festiv', 'celebr', 'joy', 'reunion', 'select', 'health', 'good', 'convey', 'health', 'enjoy', 'bless', 'ideal', 'gift', 'get']","['dragon', 'boat', 'festival', 'celebrate', 'joy', 'reunion', 'selection', 'health', 'goods', 'convey', 'health', 'enjoyment', 'blessings', 'ideal', 'gifting', 'get']",5,Indonesia
2022-06-03 03:47:20+00:00,1532569597391806465,"Discovered this giftcard offers recently. Wanted to share  with others. Worldwide. Please do check my other websites on Health &amp; Fitness.

https://t.co/T3NnGRKX6j",RubenPManiam1,Malaysia,0,0,0,0,"Malaysian of Tamil origin. Completed high school. E-biz affliate marketing. Hobbies: Travelling. 
Music: Country & Western. Also Tamil & Hindi songs.",0,,discovered this giftcard offers recently wanted to share with others worldwide please do check my other websites on health amp fitness,"['discovered', 'this', 'giftcard', 'offers', 'recently', 'wanted', 'to', 'share', 'with', 'others', 'worldwide', 'please', 'do', 'check', 'my', 'other', 'websites', 'on', 'health', 'amp', 'fitness']","['discovered', 'giftcard', 'offers', 'recently', 'wanted', 'share', 'others', 'worldwide', 'please', 'check', 'websites', 'health', 'amp', 'fitness']","['discov', 'giftcard', 'offer', 'recent', 'want', 'share', 'other', 'worldwid', 'pleas', 'check', 'websit', 'health', 'amp', 'fit']","['discovered', 'giftcard', 'offers', 'recently', 'wanted', 'share', 'others', 'worldwide', 'please', 'check', 'websites', 'health', 'amp', 'fitness']",5,Indonesia
2022-06-02 17:08:47+00:00,1532408902972649475,"Health is the greatest gift, contentment the greatest wealth, faithfulness the best relationship",SarahCo27521191,Malaysia,0,0,0,0,"Life is a book, the cover is given by my parents, the content is written by myself, and the thickness is determined by me",544,,health is the greatest gift contentment the greatest wealth faithfulness the best relationship,"['health', 'is', 'the', 'greatest', 'gift', 'contentment', 'the', 'greatest', 'wealth', 'faithfulness', 'the', 'best', 'relationship']","['health', 'greatest', 'gift', 'contentment', 'greatest', 'wealth', 'faithfulness', 'best', 'relationship']","['health', 'greatest', 'gift', 'content', 'greatest', 'wealth', 'faith', 'best', 'relationship']","['health', 'greatest', 'gift', 'contentment', 'greatest', 'wealth', 'faithfulness', 'best', 'relationship']",5,Indonesia
2022-05-31 01:10:13+00:00,1531442895559204864,"Another bad work culture yg sejenis macam..em nvm i iz malas. Panjang. But obviously the huge one about new comer la. If you gifted with strong mental health, boleh get through all the phase or whtsoever. Congrats!. iâ€™d say iâ€™d like too.",96901_Kira,malaysia,0,1,0,0,Kira,473,,another bad work culture yg sejenis macamem nvm i iz malas panjang but obviously the huge one about new comer la if you gifted with strong mental health boleh get through all the phase or whtsoever congrats id say id like too,"['another', 'bad', 'work', 'culture', 'yg', 'sejenis', 'macamem', 'nvm', 'i', 'iz', 'malas', 'panjang', 'but', 'obviously', 'the', 'huge', 'one', 'about', 'new', 'comer', 'la', 'if', 'you', 'gifted', 'with', 'strong', 'mental', 'health', 'boleh', 'get', 'through', 'all', 'the', 'phase', 'or', 'whtsoever', 'congrats', 'id', 'say', 'id', 'like', 'too']","['another', 'bad', 'work', 'culture', 'yg', 'sejenis', 'macamem', 'nvm', 'iz', 'malas', 'panjang', 'obviously', 'huge', 'one', 'new', 'comer', 'la', 'gifted', 'strong', 'mental', 'health', 'boleh', 'get', 'phase', 'whtsoever', 'congrats', 'id', 'say', 'id', 'like']","['anoth', 'bad', 'work', 'cultur', 'yg', 'sejeni', 'macamem', 'nvm', 'iz', 'mala', 'panjang', 'obvious', 'huge', 'one', 'new', 'comer', 'la', 'gift', 'strong', 'mental', 'health', 'boleh', 'get', 'phase', 'whtsoever', 'congrat', 'id', 'say', 'id', 'like']","['another', 'bad', 'work', 'culture', 'yg', 'sejenis', 'macamem', 'nvm', 'iz', 'malas', 'panjang', 'obviously', 'huge', 'one', 'new', 'comer', 'la', 'gifted', 'strong', 'mental', 'health', 'boleh', 'get', 'phase', 'whtsoever', 'congrats', 'id', 'say', 'id', 'like']",1,Indonesia
2022-05-30 16:00:37+00:00,1531304581010845696,"@TheRavenArmed @skyllabtw for her fundraising streams for SPCA and mental health organization such as SAMH (Singapore Association for Mental Health) 
@StremBrine for gifting subs to smaller streamers to gift back to twitch community",OliGamerBoi,Singapore,2,0,0,0,twitch streamer in Singapore,222,,for her fundraising streams for spca and mental health organization such as samh singapore association for mental health for gifting subs to smaller streamers to gift back to twitch community,"['for', 'her', 'fundraising', 'streams', 'for', 'spca', 'and', 'mental', 'health', 'organization', 'such', 'as', 'samh', 'singapore', 'association', 'for', 'mental', 'health', 'for', 'gifting', 'subs', 'to', 'smaller', 'streamers', 'to', 'gift', 'back', 'to', 'twitch', 'community']","['fundraising', 'streams', 'spca', 'mental', 'health', 'organization', 'samh', 'singapore', 'association', 'mental', 'health', 'gifting', 'subs', 'smaller', 'streamers', 'gift', 'back', 'twitch', 'community']","['fundrais', 'stream', 'spca', 'mental', 'health', 'organ', 'samh', 'singapor', 'associ', 'mental', 'health', 'gift', 'sub', 'smaller', 'streamer', 'gift', 'back', 'twitch', 'commun']","['fundraising', 'streams', 'spca', 'mental', 'health', 'organization', 'samh', 'singapore', 'association', 'mental', 'health', 'gifting', 'subs', 'smaller', 'streamers', 'gift', 'back', 'twitch', 'community']",4,Indonesia
2021-04-30 03:20:33+00:00,1387970097189298183,"ğŸ‰21st Century x @Qoo10SG Mother's Day Sale

ğŸ›Top 3 Spenders will receive a $50 @sephorasg Gift Card.

Shop Now ğŸ›’: https://t.co/mp3BS9VzlM

#21stcenturySG #Qoo10SG #Qoo10 #mothersday #mothersdaysale #omega3 #vitamins #supplements #health #wellness #sale #singapore https://t.co/VQCmFVMpWQ",21stCenturyVits,Singapore,0,0,0,0,Quality Vitamins At Everyday Low Prices,12,"['21stcenturySG', 'Qoo10SG', 'Qoo10', 'mothersday', 'mothersdaysale', 'omega3', 'vitamins', 'supplements', 'health', 'wellness', 'sale', 'singapore']",21st century x mothers day sale top 3 spenders will receive a 50 gift card shop now 21stcenturysg qoo10sg qoo10 mothersday mothersdaysale omega3 vitamins supplements health wellness sale singapore,"['21st', 'century', 'x', 'mothers', 'day', 'sale', 'top', '3', 'spenders', 'will', 'receive', 'a', '50', 'gift', 'card', 'shop', 'now', '21stcenturysg', 'qoo10sg', 'qoo10', 'mothersday', 'mothersdaysale', 'omega3', 'vitamins', 'supplements', 'health', 'wellness', 'sale', 'singapore']","['21st', 'century', 'x', 'mothers', 'day', 'sale', 'top', '3', 'spenders', 'receive', '50', 'gift', 'card', 'shop', '21stcenturysg', 'qoo10sg', 'qoo10', 'mothersday', 'mothersdaysale', 'omega3', 'vitamins', 'supplements', 'health', 'wellness', 'sale', 'singapore']","['21st', 'centuri', 'x', 'mother', 'day', 'sale', 'top', '3', 'spender', 'receiv', '50', 'gift', 'card', 'shop', '21stcenturysg', 'qoo10sg', 'qoo10', 'mothersday', 'mothersdaysal', 'omega3', 'vitamin', 'supplement', 'health', 'well', 'sale', 'singapor']","['21st', 'century', 'x', 'mothers', 'day', 'sale', 'top', '3', 'spenders', 'receive', '50', 'gift', 'card', 'shop', '21stcenturysg', 'qoo10sg', 'qoo10', 'mothersday', 'mothersdaysale', 'omega3', 'vitamins', 'supplements', 'health', 'wellness', 'sale', 'singapore']",5,Indonesia
2021-02-16 08:30:32+00:00,1361593795767193603,It came a lil late but this is his gift for me. Encouragement and motivation for my mental health... Thank you sayang... https://t.co/N3MzxXWOzU,mxzzygxth,"Boundary Road, Singapore",0,0,0,0,#IMtiaz4ImranAjmain #Glamberts #TUSG #PinkDotSGCrew #HOMJAngel #ProjectAB+ #HYBEViberz #Carats #Atiny #NCTzen #Stay,347,,it came a lil late but this is his gift for me encouragement and motivation for my mental health thank you sayang,"['it', 'came', 'a', 'lil', 'late', 'but', 'this', 'is', 'his', 'gift', 'for', 'me', 'encouragement', 'and', 'motivation', 'for', 'my', 'mental', 'health', 'thank', 'you', 'sayang']","['came', 'lil', 'late', 'gift', 'encouragement', 'motivation', 'mental', 'health', 'thank', 'sayang']","['came', 'lil', 'late', 'gift', 'encourag', 'motiv', 'mental', 'health', 'thank', 'sayang']","['came', 'lil', 'late', 'gift', 'encouragement', 'motivation', 'mental', 'health', 'thank', 'sayang']",5,Indonesia
2021-01-01 07:25:42+00:00,1344907638329335809,"Attended various webinar about financial,continue read Naanayam Vikatan, Develop as myself MF distributor,Most precious god gift my little baby â€œGhousinisaâ€ birth , enjoying with my family and friends,SSY scheme for child, sufficient Term insurance,continue health insurance",Sridharsarathy1,"Dahej, India",1,1,0,0,"Engineer , Happy family ğŸ‘¨â€ğŸ‘©â€ğŸ‘§â€ğŸ‘¦ ,Mutual fund guide,stocks learner",114,,attended various webinar about financialcontinue read naanayam vikatan develop as myself mf distributormost precious god gift my little baby ghousinisa birth enjoying with my family and friendsssy scheme for child sufficient term insurancecontinue health insurance,"['attended', 'various', 'webinar', 'about', 'financialcontinue', 'read', 'naanayam', 'vikatan', 'develop', 'as', 'myself', 'mf', 'distributormost', 'precious', 'god', 'gift', 'my', 'little', 'baby', 'ghousinisa', 'birth', 'enjoying', 'with', 'my', 'family', 'and', 'friendsssy', 'scheme', 'for', 'child', 'sufficient', 'term', 'insurancecontinue', 'health', 'insurance']","['attended', 'various', 'webinar', 'financialcontinue', 'read', 'naanayam', 'vikatan', 'develop', 'mf', 'distributormost', 'precious', 'god', 'gift', 'little', 'baby', 'ghousinisa', 'birth', 'enjoying', 'family', 'friendsssy', 'scheme', 'child', 'sufficient', 'term', 'insurancecontinue', 'health', 'insurance']","['attend', 'variou', 'webinar', 'financialcontinu', 'read', 'naanayam', 'vikatan', 'develop', 'mf', 'distributormost', 'preciou', 'god', 'gift', 'littl', 'babi', 'ghousinisa', 'birth', 'enjoy', 'famili', 'friendsssi', 'scheme', 'child', 'suffici', 'term', 'insurancecontinu', 'health', 'insur']","['attended', 'various', 'webinar', 'financialcontinue', 'read', 'naanayam', 'vikatan', 'develop', 'mf', 'distributormost', 'precious', 'god', 'gift', 'little', 'baby', 'ghousinisa', 'birth', 'enjoying', 'family', 'friendsssy', 'scheme', 'child', 'sufficient', 'term', 'insurancecontinue', 'health', 'insurance']",5,Indonesia
2020-11-24 04:02:09+00:00,1331085674192113668,@Rojotortoise Thanks my dear friend ğŸ™ğŸ¥°ğŸŒº May happiness and good health fill your daysğŸ™ğŸŒ»ğŸŒYou have ï½gift heartğŸ’•,PoeticEsther,"CA, USAğŸ‡ºğŸ‡¸",1,0,0,0,"Full of merit, yet poetically, man Dwells on this earth.",6120,,thanks my dear friend may happiness and good health fill your daysyou have gift heart,"['thanks', 'my', 'dear', 'friend', 'may', 'happiness', 'and', 'good', 'health', 'fill', 'your', 'daysyou', 'have', 'gift', 'heart']","['thanks', 'dear', 'friend', 'may', 'happiness', 'good', 'health', 'fill', 'daysyou', 'gift', 'heart']","['thank', 'dear', 'friend', 'may', 'happi', 'good', 'health', 'fill', 'daysyou', 'gift', 'heart']","['thanks', 'dear', 'friend', 'may', 'happiness', 'good', 'health', 'fill', 'daysyou', 'gift', 'heart']",5,Indonesia
2020-11-21 02:22:27+00:00,1329973419312508928,"I pray that happiness be at your door.
may it knock early, stay late and leave the gift of God's peace, love, joy and good health behind.",lesryn1803,"Kota Padang, Sumatera Barat",1,0,0,0,"Tuhan, jika engkau sudah berkehendak utk memberikan aku masa depan yg indah dlm hidupku, aku percaya tak ada seorang pun yg sanggup menggagalkannya.",12,,i pray that happiness be at your door may it knock early stay late and leave the gift of gods peace love joy and good health behind,"['i', 'pray', 'that', 'happiness', 'be', 'at', 'your', 'door', 'may', 'it', 'knock', 'early', 'stay', 'late', 'and', 'leave', 'the', 'gift', 'of', 'gods', 'peace', 'love', 'joy', 'and', 'good', 'health', 'behind']","['pray', 'happiness', 'door', 'may', 'knock', 'early', 'stay', 'late', 'leave', 'gift', 'gods', 'peace', 'love', 'joy', 'good', 'health', 'behind']","['pray', 'happi', 'door', 'may', 'knock', 'earli', 'stay', 'late', 'leav', 'gift', 'god', 'peac', 'love', 'joy', 'good', 'health', 'behind']","['pray', 'happiness', 'door', 'may', 'knock', 'early', 'stay', 'late', 'leave', 'gift', 'gods', 'peace', 'love', 'joy', 'good', 'health', 'behind']",5,Indonesia
2020-08-09 11:19:21+00:00,1292420197882593280,"Health is one of the most precious favours Allah has bestowed upon His servants, the most generous of gifts, the most plentiful of His bounties. Rather, even more, [good] health is theâ€¦ https://t.co/dV2v3tomgm",LaUdding,"Kuching, Sarawak",1,0,0,0,elfaqeer,67,,health is one of the most precious favours allah has bestowed upon his servants the most generous of gifts the most plentiful of his bounties rather even more good health is the,"['health', 'is', 'one', 'of', 'the', 'most', 'precious', 'favours', 'allah', 'has', 'bestowed', 'upon', 'his', 'servants', 'the', 'most', 'generous', 'of', 'gifts', 'the', 'most', 'plentiful', 'of', 'his', 'bounties', 'rather', 'even', 'more', 'good', 'health', 'is', 'the']","['health', 'one', 'precious', 'favours', 'allah', 'bestowed', 'upon', 'servants', 'generous', 'gifts', 'plentiful', 'bounties', 'rather', 'even', 'good', 'health']","['health', 'one', 'preciou', 'favour', 'allah', 'bestow', 'upon', 'servant', 'gener', 'gift', 'plenti', 'bounti', 'rather', 'even', 'good', 'health']","['health', 'one', 'precious', 'favours', 'allah', 'bestowed', 'upon', 'servants', 'generous', 'gifts', 'plentiful', 'bounties', 'rather', 'even', 'good', 'health']",5,Indonesia
2020-08-02 15:19:58+00:00,1289944032966086657,"Beyond blessed. As always. 

Thank you Lord for the gift of life, for continuously guiding and giving me strength.

I wish for the safety and good health of everyone.
I wish for the continuous strength and blessingsâ€¦ https://t.co/QwI8mMJb8j",ticklemetintine,"Pasig City, National Capital R",1,0,0,0,Developer. Adventure seeker,262,,beyond blessed as always thank you lord for the gift of life for continuously guiding and giving me strength i wish for the safety and good health of everyone i wish for the continuous strength and blessings,"['beyond', 'blessed', 'as', 'always', 'thank', 'you', 'lord', 'for', 'the', 'gift', 'of', 'life', 'for', 'continuously', 'guiding', 'and', 'giving', 'me', 'strength', 'i', 'wish', 'for', 'the', 'safety', 'and', 'good', 'health', 'of', 'everyone', 'i', 'wish', 'for', 'the', 'continuous', 'strength', 'and', 'blessings']","['beyond', 'blessed', 'always', 'thank', 'lord', 'gift', 'life', 'continuously', 'guiding', 'giving', 'strength', 'wish', 'safety', 'good', 'health', 'everyone', 'wish', 'continuous', 'strength', 'blessings']","['beyond', 'bless', 'alway', 'thank', 'lord', 'gift', 'life', 'continu', 'guid', 'give', 'strength', 'wish', 'safeti', 'good', 'health', 'everyon', 'wish', 'continu', 'strength', 'bless']","['beyond', 'blessed', 'always', 'thank', 'lord', 'gift', 'life', 'continuously', 'guiding', 'giving', 'strength', 'wish', 'safety', 'good', 'health', 'everyone', 'wish', 'continuous', 'strength', 'blessings']",5,Indonesia
2020-06-12 08:20:58+00:00,1271356809102557184,"IPHONE FOR SALE ! 

IPHONE 11 PRO MAX (256GB MYset)
PERSONAL H/FONE,FULLSET
BELI DI URBAN REPUBLIC,RESIT SEBAGAI BUKTI(SWITCH)
CONDITION 9.5/10,FREE DARI DENT OR SCRATCH
COLOUR SPACE GRAY
WARRANTY END 02/2021
BATTERY HEALTH 100%,
FREEGIFT CALL/WS 0173858381
PRICE : 5.3K https://t.co/9OWJX6ohrM",eryjko1,,0,1,0,0,,0,,iphone for sale iphone 11 pro max 256gb myset personal hfonefullset beli di urban republicresit sebagai buktiswitch condition 9510free dari dent or scratch colour space gray warranty end 022021 battery health 100 freegift callws 0173858381 price 53k,"['iphone', 'for', 'sale', 'iphone', '11', 'pro', 'max', '256gb', 'myset', 'personal', 'hfonefullset', 'beli', 'di', 'urban', 'republicresit', 'sebagai', 'buktiswitch', 'condition', '9510free', 'dari', 'dent', 'or', 'scratch', 'colour', 'space', 'gray', 'warranty', 'end', '022021', 'battery', 'health', '100', 'freegift', 'callws', '0173858381', 'price', '53k']","['iphone', 'sale', 'iphone', '11', 'pro', 'max', '256gb', 'myset', 'personal', 'hfonefullset', 'beli', 'di', 'urban', 'republicresit', 'sebagai', 'buktiswitch', 'condition', '9510free', 'dari', 'dent', 'scratch', 'colour', 'space', 'gray', 'warranty', 'end', '022021', 'battery', 'health', '100', 'freegift', 'callws', '0173858381', 'price', '53k']","['iphon', 'sale', 'iphon', '11', 'pro', 'max', '256gb', 'myset', 'person', 'hfonefullset', 'beli', 'di', 'urban', 'republicresit', 'sebagai', 'buktiswitch', 'condit', '9510free', 'dari', 'dent', 'scratch', 'colour', 'space', 'gray', 'warranti', 'end', '022021', 'batteri', 'health', '100', 'freegift', 'callw', '0173858381', 'price', '53k']","['iphone', 'sale', 'iphone', '11', 'pro', 'max', '256gb', 'myset', 'personal', 'hfonefullset', 'beli', 'di', 'urban', 'republicresit', 'sebagai', 'buktiswitch', 'condition', '9510free', 'dari', 'dent', 'scratch', 'colour', 'space', 'gray', 'warranty', 'end', '022021', 'battery', 'health', '100', 'freegift', 'callws', '0173858381', 'price', '53k']",1,Indonesia
2020-05-16 11:55:51+00:00,1261626413355950080,Good health is divine gift,alqmns,,0,0,0,0,ganyu came home on 31/1/22,445,,good health is divine gift,"['good', 'health', 'is', 'divine', 'gift']","['good', 'health', 'divine', 'gift']","['good', 'health', 'divin', 'gift']","['good', 'health', 'divine', 'gift']",5,Indonesia
2020-04-29 04:08:01+00:00,1255348087452770304,"""Any COVID-19-related restrictions shouldnâ€™t significantly hinder aid groupsâ€™ ability to provide food, water, health care, and protection."" https://t.co/2PUeInD3cK",bedlamfury,Malaysia,0,0,1,0,"A petani (farmer), traveller and a creature seeking the ultimate response to a dying age of reason and compassion.",5121,,any covid19related restrictions shouldnt significantly hinder aid groups ability to provide food water health care and protection,"['any', 'covid19related', 'restrictions', 'shouldnt', 'significantly', 'hinder', 'aid', 'groups', 'ability', 'to', 'provide', 'food', 'water', 'health', 'care', 'and', 'protection']","['covid19related', 'restrictions', 'shouldnt', 'significantly', 'hinder', 'aid', 'groups', 'ability', 'provide', 'food', 'water', 'health', 'care', 'protection']","['covid19rel', 'restrict', 'shouldnt', 'significantli', 'hinder', 'aid', 'group', 'abil', 'provid', 'food', 'water', 'health', 'care', 'protect']","['covid19related', 'restrictions', 'shouldnt', 'significantly', 'hinder', 'aid', 'groups', 'ability', 'provide', 'food', 'water', 'health', 'care', 'protection']",3,Indonesia
2020-02-28 14:16:17+00:00,1233395501011095555,"Thereâ€™s no better gift than the gift of good health. Thank you, thebodyshopsg for the natural face mask and Babe andi.alibanban for applying it on my oily face. #roadtoclearerface ğŸ¥°ğŸ˜˜ @â€¦ https://t.co/B7dAET0Tgz",misterlucas__,"London, Ontario",0,0,0,0,"Be enterprising, take risks",174,['roadtoclearerface'],theres no better gift than the gift of good health thank you thebodyshopsg for the natural face mask and babe andialibanban for applying it on my oily face roadtoclearerface,"['theres', 'no', 'better', 'gift', 'than', 'the', 'gift', 'of', 'good', 'health', 'thank', 'you', 'thebodyshopsg', 'for', 'the', 'natural', 'face', 'mask', 'and', 'babe', 'andialibanban', 'for', 'applying', 'it', 'on', 'my', 'oily', 'face', 'roadtoclearerface']","['theres', 'better', 'gift', 'gift', 'good', 'health', 'thank', 'thebodyshopsg', 'natural', 'face', 'mask', 'babe', 'andialibanban', 'applying', 'oily', 'face', 'roadtoclearerface']","['there', 'better', 'gift', 'gift', 'good', 'health', 'thank', 'thebodyshopsg', 'natur', 'face', 'mask', 'babe', 'andialibanban', 'appli', 'oili', 'face', 'roadtoclearerfac']","['theres', 'better', 'gift', 'gift', 'good', 'health', 'thank', 'thebodyshopsg', 'natural', 'face', 'mask', 'babe', 'andialibanban', 'applying', 'oily', 'face', 'roadtoclearerface']",3,Indonesia
2020-02-17 15:33:56+00:00,1229428773931581443,"Happy birthday ë‚˜ì˜ í–‡ë¹› ì •í˜¸ì„ ğŸ˜ I pray that you will always find happiness and good health. I love you. â¤ï¸ğŸ˜˜ğŸ˜Š @BTS_twt @bts_bighit 

PS if I'm not wrong, the jacket is Jin's gift but Hobi had a namjoon moment during vlive and accidentally put icing on them ğŸ˜ğŸ˜ğŸ˜Š https://t.co/bwYY0ssDkY",JHopesWella,,2,0,0,0,"A moonchild in HOPE world, constantly searching for EUPHORIA â¤ï¸",120,,happy birthday i pray that you will always find happiness and good health i love you ps if im not wrong the jacket is jins gift but hobi had a namjoon moment during vlive and accidentally put icing on them,"['happy', 'birthday', 'i', 'pray', 'that', 'you', 'will', 'always', 'find', 'happiness', 'and', 'good', 'health', 'i', 'love', 'you', 'ps', 'if', 'im', 'not', 'wrong', 'the', 'jacket', 'is', 'jins', 'gift', 'but', 'hobi', 'had', 'a', 'namjoon', 'moment', 'during', 'vlive', 'and', 'accidentally', 'put', 'icing', 'on', 'them']","['happy', 'birthday', 'pray', 'always', 'find', 'happiness', 'good', 'health', 'love', 'ps', 'im', 'wrong', 'jacket', 'jins', 'gift', 'hobi', 'namjoon', 'moment', 'vlive', 'accidentally', 'put', 'icing']","['happi', 'birthday', 'pray', 'alway', 'find', 'happi', 'good', 'health', 'love', 'ps', 'im', 'wrong', 'jacket', 'jin', 'gift', 'hobi', 'namjoon', 'moment', 'vlive', 'accident', 'put', 'ice']","['happy', 'birthday', 'pray', 'always', 'find', 'happiness', 'good', 'health', 'love', 'ps', 'im', 'wrong', 'jacket', 'jins', 'gift', 'hobi', 'namjoon', 'moment', 'vlive', 'accidentally', 'put', 'icing']",5,Indonesia
2020-02-09 01:52:31+00:00,1226322955904245760,"You have travelled around the sun 33 times and Allah has travelled with you to keep you safe and complete the marathon. Happy birthday @Muzamier_Mahadi and may Allah rewards you and your family with more blessings, the gift of health and contentment. Amin https://t.co/rtDKOhblTF",fazhilrazak,"Kuala Lumpur, Wilayah Persekut",1,0,0,1,The past cannot be changed. The future is yet in your power.,627,,you have travelled around the sun 33 times and allah has travelled with you to keep you safe and complete the marathon happy birthday and may allah rewards you and your family with more blessings the gift of health and contentment amin,"['you', 'have', 'travelled', 'around', 'the', 'sun', '33', 'times', 'and', 'allah', 'has', 'travelled', 'with', 'you', 'to', 'keep', 'you', 'safe', 'and', 'complete', 'the', 'marathon', 'happy', 'birthday', 'and', 'may', 'allah', 'rewards', 'you', 'and', 'your', 'family', 'with', 'more', 'blessings', 'the', 'gift', 'of', 'health', 'and', 'contentment', 'amin']","['travelled', 'around', 'sun', '33', 'times', 'allah', 'travelled', 'keep', 'safe', 'complete', 'marathon', 'happy', 'birthday', 'may', 'allah', 'rewards', 'family', 'blessings', 'gift', 'health', 'contentment', 'amin']","['travel', 'around', 'sun', '33', 'time', 'allah', 'travel', 'keep', 'safe', 'complet', 'marathon', 'happi', 'birthday', 'may', 'allah', 'reward', 'famili', 'bless', 'gift', 'health', 'content', 'amin']","['travelled', 'around', 'sun', '33', 'times', 'allah', 'travelled', 'keep', 'safe', 'complete', 'marathon', 'happy', 'birthday', 'may', 'allah', 'rewards', 'family', 'blessings', 'gift', 'health', 'contentment', 'amin']",5,Indonesia
2020-01-07 04:45:20+00:00,1214407647031513089,Itâ€™s true! The greatest gift I ever received was Jesus! Not my job or startup business. Not my good health but JESUS! https://t.co/YMDhgQxufk,JesusDailyTwits,Heaven,0,0,0,0,Enjoying AWESOME life because of Jesus...,241,,its true the greatest gift i ever received was jesus not my job or startup business not my good health but jesus,"['its', 'true', 'the', 'greatest', 'gift', 'i', 'ever', 'received', 'was', 'jesus', 'not', 'my', 'job', 'or', 'startup', 'business', 'not', 'my', 'good', 'health', 'but', 'jesus']","['true', 'greatest', 'gift', 'ever', 'received', 'jesus', 'job', 'startup', 'business', 'good', 'health', 'jesus']","['true', 'greatest', 'gift', 'ever', 'receiv', 'jesu', 'job', 'startup', 'busi', 'good', 'health', 'jesu']","['true', 'greatest', 'gift', 'ever', 'received', 'jesus', 'job', 'startup', 'business', 'good', 'health', 'jesus']",5,Indonesia
2022-06-03 23:27:38+00:00,1532866628001468416,"Hey! Didnâ€™t had a chance to tell you but it was so sweet of you to hold a Naru for your mom.

Can you help me gift this to her as well? As a thank you for her service in the healthcare sector â¤ï¸ğŸ’™ https://t.co/4iLDHsOtUI https://t.co/7vpcNWKz9i",itsoodon,Singapore,22,2,1,0,Artist for @HappyHoppersNFT,6790,,hey didnt had a chance to tell you but it was so sweet of you to hold a naru for your mom can you help me gift this to her as well as a thank you for her service in the healthcare sector,"['hey', 'didnt', 'had', 'a', 'chance', 'to', 'tell', 'you', 'but', 'it', 'was', 'so', 'sweet', 'of', 'you', 'to', 'hold', 'a', 'naru', 'for', 'your', 'mom', 'can', 'you', 'help', 'me', 'gift', 'this', 'to', 'her', 'as', 'well', 'as', 'a', 'thank', 'you', 'for', 'her', 'service', 'in', 'the', 'healthcare', 'sector']","['hey', 'didnt', 'chance', 'tell', 'sweet', 'hold', 'naru', 'mom', 'help', 'gift', 'well', 'thank', 'service', 'healthcare', 'sector']","['hey', 'didnt', 'chanc', 'tell', 'sweet', 'hold', 'naru', 'mom', 'help', 'gift', 'well', 'thank', 'servic', 'healthcar', 'sector']","['hey', 'didnt', 'chance', 'tell', 'sweet', 'hold', 'naru', 'mom', 'help', 'gift', 'well', 'thank', 'service', 'healthcare', 'sector']",5,Indonesia
2022-06-01 08:24:58+00:00,1531914691337142272,"ğŸ“¢ğŸ’¥BIG Announcement : Creative Selfie Contest Winner of DAY 1 at APHM 2022

And the Lucky winner is...Ms Quek Choon Yen ğŸŠğŸ‰
A Big Congratulations from all of us. ğŸ‘ğŸ‘ğŸ‘

She is the lucky winner to get a PARKSON gift voucher from Nalini Jiva ğŸ

#quasrapp #aphm2022 #healthcare",quasrapp,Singapore,0,0,0,0,Turning Incident reporting into Improvements. Patient Safety Solution for Every Hospital,11,"['quasrapp', 'aphm2022', 'healthcare']",big announcement creative selfie contest winner of day 1 at aphm 2022 and the lucky winner isms quek choon yen a big congratulations from all of us she is the lucky winner to get a parkson gift voucher from nalini jiva quasrapp aphm2022 healthcare,"['big', 'announcement', 'creative', 'selfie', 'contest', 'winner', 'of', 'day', '1', 'at', 'aphm', '2022', 'and', 'the', 'lucky', 'winner', 'isms', 'quek', 'choon', 'yen', 'a', 'big', 'congratulations', 'from', 'all', 'of', 'us', 'she', 'is', 'the', 'lucky', 'winner', 'to', 'get', 'a', 'parkson', 'gift', 'voucher', 'from', 'nalini', 'jiva', 'quasrapp', 'aphm2022', 'healthcare']","['big', 'announcement', 'creative', 'selfie', 'contest', 'winner', 'day', '1', 'aphm', '2022', 'lucky', 'winner', 'isms', 'quek', 'choon', 'yen', 'big', 'congratulations', 'us', 'lucky', 'winner', 'get', 'parkson', 'gift', 'voucher', 'nalini', 'jiva', 'quasrapp', 'aphm2022', 'healthcare']","['big', 'announc', 'creativ', 'selfi', 'contest', 'winner', 'day', '1', 'aphm', '2022', 'lucki', 'winner', 'ism', 'quek', 'choon', 'yen', 'big', 'congratul', 'us', 'lucki', 'winner', 'get', 'parkson', 'gift', 'voucher', 'nalini', 'jiva', 'quasrapp', 'aphm2022', 'healthcar']","['big', 'announcement', 'creative', 'selfie', 'contest', 'winner', 'day', '1', 'aphm', '2022', 'lucky', 'winner', 'isms', 'quek', 'choon', 'yen', 'big', 'congratulations', 'us', 'lucky', 'winner', 'get', 'parkson', 'gift', 'voucher', 'nalini', 'jiva', 'quasrapp', 'aphm2022', 'healthcare']",5,Indonesia
2022-06-03 23:03:12+00:00,1532860479776776192,Check out [VTCOSMETICS] [FREE GIFT] VT CICA PURIFYING MASK 4.05oz 120ml / Clay mask / Pore Care for RM65.00. Get it on Shopee now! https://t.co/AGbimOhruY https://t.co/6jIG7kJqUu,malaysiandaily,Malaysia,0,0,0,0,"Wanna share some news, information and thought about our life. Life is short to having headache so much",154533,,check out vtcosmetics free gift vt cica purifying mask 405oz 120ml clay mask pore care for rm6500 get it on shopee now,"['check', 'out', 'vtcosmetics', 'free', 'gift', 'vt', 'cica', 'purifying', 'mask', '405oz', '120ml', 'clay', 'mask', 'pore', 'care', 'for', 'rm6500', 'get', 'it', 'on', 'shopee', 'now']","['check', 'vtcosmetics', 'free', 'gift', 'vt', 'cica', 'purifying', 'mask', '405oz', '120ml', 'clay', 'mask', 'pore', 'care', 'rm6500', 'get', 'shopee']","['check', 'vtcosmet', 'free', 'gift', 'vt', 'cica', 'purifi', 'mask', '405oz', '120ml', 'clay', 'mask', 'pore', 'care', 'rm6500', 'get', 'shope']","['check', 'vtcosmetics', 'free', 'gift', 'vt', 'cica', 'purifying', 'mask', '405oz', '120ml', 'clay', 'mask', 'pore', 'care', 'rm6500', 'get', 'shopee']",5,Indonesia
2022-06-03 23:02:10+00:00,1532860222951129088,Check out [VTCOSMETICS] [NEW FREE GIFTS] VT CICA Daily Soothing Mask 30ea / Sheet mask / Acne care for RM62.50 - RM89.90. Get it on Shopee now! https://t.co/1xRsyMc2wn https://t.co/eXmkGjb6DR,malaysiandaily,Malaysia,0,0,0,0,"Wanna share some news, information and thought about our life. Life is short to having headache so much",154533,,check out vtcosmetics new free gifts vt cica daily soothing mask 30ea sheet mask acne care for rm6250 rm8990 get it on shopee now,"['check', 'out', 'vtcosmetics', 'new', 'free', 'gifts', 'vt', 'cica', 'daily', 'soothing', 'mask', '30ea', 'sheet', 'mask', 'acne', 'care', 'for', 'rm6250', 'rm8990', 'get', 'it', 'on', 'shopee', 'now']","['check', 'vtcosmetics', 'new', 'free', 'gifts', 'vt', 'cica', 'daily', 'soothing', 'mask', '30ea', 'sheet', 'mask', 'acne', 'care', 'rm6250', 'rm8990', 'get', 'shopee']","['check', 'vtcosmet', 'new', 'free', 'gift', 'vt', 'cica', 'daili', 'sooth', 'mask', '30ea', 'sheet', 'mask', 'acn', 'care', 'rm6250', 'rm8990', 'get', 'shope']","['check', 'vtcosmetics', 'new', 'free', 'gifts', 'vt', 'cica', 'daily', 'soothing', 'mask', '30ea', 'sheet', 'mask', 'acne', 'care', 'rm6250', 'rm8990', 'get', 'shopee']",5,Indonesia
2022-06-01 15:48:19+00:00,1532026262213885953,Check out [VTCOSMETICS] [FREE GIFT] VT CICA PURIFYING MASK 4.05oz 120ml / Clay mask / Pore Care for RM65.00. Get it on Shopee now! https://t.co/hBiyvVtLc6 https://t.co/FBgpYn75SZ,malaysiandaily,Malaysia,0,0,0,0,"Wanna share some news, information and thought about our life. Life is short to having headache so much",154533,,check out vtcosmetics free gift vt cica purifying mask 405oz 120ml clay mask pore care for rm6500 get it on shopee now,"['check', 'out', 'vtcosmetics', 'free', 'gift', 'vt', 'cica', 'purifying', 'mask', '405oz', '120ml', 'clay', 'mask', 'pore', 'care', 'for', 'rm6500', 'get', 'it', 'on', 'shopee', 'now']","['check', 'vtcosmetics', 'free', 'gift', 'vt', 'cica', 'purifying', 'mask', '405oz', '120ml', 'clay', 'mask', 'pore', 'care', 'rm6500', 'get', 'shopee']","['check', 'vtcosmet', 'free', 'gift', 'vt', 'cica', 'purifi', 'mask', '405oz', '120ml', 'clay', 'mask', 'pore', 'care', 'rm6500', 'get', 'shope']","['check', 'vtcosmetics', 'free', 'gift', 'vt', 'cica', 'purifying', 'mask', '405oz', '120ml', 'clay', 'mask', 'pore', 'care', 'rm6500', 'get', 'shopee']",5,Indonesia
2020-12-01 02:36:08+00:00,1333600742834274304,"Btw kan tasha nak letgo my preloved skincare, harga murmur je include postage and ofc lah ada freegifts jugeksss ğŸ«ğŸ«

Pbyso cleanser -100% left
Pbyso face mask &amp; scrub -100% left
Iunik tea tree serum -100% left 
Dom moisturizer - 98% left (used twice)
Kiehls cleanser - 70% left https://t.co/JUAJbYhq8G",tashastic_,"Johor Bahru, Johor",14,3,9,1,,4257,,btw kan tasha nak letgo my preloved skincare harga murmur je include postage and ofc lah ada freegifts jugeksss pbyso cleanser 100 left pbyso face mask amp scrub 100 left iunik tea tree serum 100 left dom moisturizer 98 left used twice kiehls cleanser 70 left,"['btw', 'kan', 'tasha', 'nak', 'letgo', 'my', 'preloved', 'skincare', 'harga', 'murmur', 'je', 'include', 'postage', 'and', 'ofc', 'lah', 'ada', 'freegifts', 'jugeksss', 'pbyso', 'cleanser', '100', 'left', 'pbyso', 'face', 'mask', 'amp', 'scrub', '100', 'left', 'iunik', 'tea', 'tree', 'serum', '100', 'left', 'dom', 'moisturizer', '98', 'left', 'used', 'twice', 'kiehls', 'cleanser', '70', 'left']","['btw', 'kan', 'tasha', 'nak', 'letgo', 'preloved', 'skincare', 'harga', 'murmur', 'je', 'include', 'postage', 'ofc', 'lah', 'ada', 'freegifts', 'jugeksss', 'pbyso', 'cleanser', '100', 'left', 'pbyso', 'face', 'mask', 'amp', 'scrub', '100', 'left', 'iunik', 'tea', 'tree', 'serum', '100', 'left', 'dom', 'moisturizer', '98', 'left', 'used', 'twice', 'kiehls', 'cleanser', '70', 'left']","['btw', 'kan', 'tasha', 'nak', 'letgo', 'prelov', 'skincar', 'harga', 'murmur', 'je', 'includ', 'postag', 'ofc', 'lah', 'ada', 'freegift', 'jugeksss', 'pbyso', 'cleanser', '100', 'left', 'pbyso', 'face', 'mask', 'amp', 'scrub', '100', 'left', 'iunik', 'tea', 'tree', 'serum', '100', 'left', 'dom', 'moistur', '98', 'left', 'use', 'twice', 'kiehl', 'cleanser', '70', 'left']","['btw', 'kan', 'tasha', 'nak', 'letgo', 'preloved', 'skincare', 'harga', 'murmur', 'je', 'include', 'postage', 'ofc', 'lah', 'ada', 'freegifts', 'jugeksss', 'pbyso', 'cleanser', '100', 'left', 'pbyso', 'face', 'mask', 'amp', 'scrub', '100', 'left', 'iunik', 'tea', 'tree', 'serum', '100', 'left', 'dom', 'moisturizer', '98', 'left', 'used', 'twice', 'kiehls', 'cleanser', '70', 'left']",1,Indonesia
2020-07-09 03:10:19+00:00,1281063102814052354,"""Various face mask/facial product (New gift item..."" in #Singapore #Singapore https://t.co/sX1TQMWnkQ #zerowaste #free",WhatsOnOLIO,,3,0,0,0,"OLIO's Little Helper here letting you know about all the items being shared on the @OLIO_ex app. ğŸ¥•

Download the free app today and start sharing! :)",1116,"['Singapore', 'Singapore', 'zerowaste', 'free']",various face maskfacial product new gift item in singapore singapore zerowaste free,"['various', 'face', 'maskfacial', 'product', 'new', 'gift', 'item', 'in', 'singapore', 'singapore', 'zerowaste', 'free']","['various', 'face', 'maskfacial', 'product', 'new', 'gift', 'item', 'singapore', 'singapore', 'zerowaste', 'free']","['variou', 'face', 'maskfaci', 'product', 'new', 'gift', 'item', 'singapor', 'singapor', 'zerowast', 'free']","['various', 'face', 'maskfacial', 'product', 'new', 'gift', 'item', 'singapore', 'singapore', 'zerowaste', 'free']",5,Indonesia
2021-04-30 13:36:52+00:00,1388125200995086339,"ğŸ’™ Belated #à¸«à¸¢à¸´à¹ˆà¸™à¸§à¸­à¸£à¹Œ day, Advance 520 gift fr both of you! 
Waiting to see more of ya projects &amp; work âœ¨ğŸ’— 
ğŸ––ğŸ¼May The Force Be With U! ğŸ¤ŸğŸ»
Su Su ğŸ’ªğŸ», Stay Safe &amp; Take Gd Care!
#yinyin_anw #warwanarat 

Accomplish lo ğŸ˜‚ğŸ’• 
@sususiao @yins2kiw @Tasha_Heyo
@_Elistarr (card dsign) https://t.co/4rVK5oDA8N",st_meowmeow,,31,0,28,1,"â—¦â€¢â¤â™¡ÊŸá´á´ á´‡ êœ°á´Ê€ á´¡Êœá´ Êá´á´œ á´€Ê€á´‡ â™¡â¤â€¢â—¦

Ù©(Ë˜â—¡Ë˜)Û¶á´‹á´‡á´‡á´˜ êœ±á´ÉªÊŸÉªÉ´É¢ Ê™á´‡á´„á´€á´œêœ±á´‡ Éªêœ± á´¡á´Ê€á´›ÊœÊâ€¯Ù©(Ë˜â—¡Ë˜)Û¶",459,"['à¸«à¸¢à¸´à¹ˆà¸™à¸§à¸­à¸£à¹Œ', 'yinyin_anw', 'warwanarat']",belated day advance 520 gift fr both of you waiting to see more of ya projects amp work may the force be with u su su stay safe amp take gd care yinyinanw warwanarat accomplish lo card dsign,"['belated', 'day', 'advance', '520', 'gift', 'fr', 'both', 'of', 'you', 'waiting', 'to', 'see', 'more', 'of', 'ya', 'projects', 'amp', 'work', 'may', 'the', 'force', 'be', 'with', 'u', 'su', 'su', 'stay', 'safe', 'amp', 'take', 'gd', 'care', 'yinyinanw', 'warwanarat', 'accomplish', 'lo', 'card', 'dsign']","['belated', 'day', 'advance', '520', 'gift', 'fr', 'waiting', 'see', 'ya', 'projects', 'amp', 'work', 'may', 'force', 'u', 'su', 'su', 'stay', 'safe', 'amp', 'take', 'gd', 'care', 'yinyinanw', 'warwanarat', 'accomplish', 'lo', 'card', 'dsign']","['belat', 'day', 'advanc', '520', 'gift', 'fr', 'wait', 'see', 'ya', 'project', 'amp', 'work', 'may', 'forc', 'u', 'su', 'su', 'stay', 'safe', 'amp', 'take', 'gd', 'care', 'yinyinanw', 'warwanarat', 'accomplish', 'lo', 'card', 'dsign']","['belated', 'day', 'advance', '520', 'gift', 'fr', 'waiting', 'see', 'ya', 'projects', 'amp', 'work', 'may', 'force', 'u', 'su', 'su', 'stay', 'safe', 'amp', 'take', 'gd', 'care', 'yinyinanw', 'warwanarat', 'accomplish', 'lo', 'card', 'dsign']",2,Indonesia
2020-10-23 13:56:43+00:00,1319638890068623366,Thankyou @stnrlafinijoe for the gift. Hope to see u on my wedding nanti. Gambar tu sweet sangat ğŸŒ¸ğŸŒ¸ Lebiuuu. Take care ! Stay safe ! https://t.co/42r1Q6RMR0,shahiraiesham,,4,1,1,0,Bore Me More,220,,thankyou for the gift hope to see u on my wedding nanti gambar tu sweet sangat lebiuuu take care stay safe,"['thankyou', 'for', 'the', 'gift', 'hope', 'to', 'see', 'u', 'on', 'my', 'wedding', 'nanti', 'gambar', 'tu', 'sweet', 'sangat', 'lebiuuu', 'take', 'care', 'stay', 'safe']","['thankyou', 'gift', 'hope', 'see', 'u', 'wedding', 'nanti', 'gambar', 'tu', 'sweet', 'sangat', 'lebiuuu', 'take', 'care', 'stay', 'safe']","['thankyou', 'gift', 'hope', 'see', 'u', 'wed', 'nanti', 'gambar', 'tu', 'sweet', 'sangat', 'lebiuuu', 'take', 'care', 'stay', 'safe']","['thankyou', 'gift', 'hope', 'see', 'u', 'wedding', 'nanti', 'gambar', 'tu', 'sweet', 'sangat', 'lebiuuu', 'take', 'care', 'stay', 'safe']",5,Indonesia
